id,url,name
9913af2b-a179-414f-bdd8-af15fcecda99,https://img.shields.io/badge/amazon%20alexa-52b5f7?style=for-the-badge&logo=amazon%20alexa&logoColor=white,amazonalexa
bed5b839-039a-44b7-8b70-a45c9a0fd61a,https://img.shields.io/badge/dependabot-025E8C?style=for-the-badge&logo=dependabot&logoColor=white,dependabot
78ff10e9-4921-4686-bcf0-f62d930fdeeb,https://img.shields.io/badge/google%20assistant-4285F4?style=for-the-badge&logo=google%20assistant&logoColor=white,googleassistant
eabff308-19ac-469a-a363-3736637d8e4d,https://img.shields.io/badge/hyperledger-2F3134?style=for-the-badge&logo=hyperledger&logoColor=white,hyperledger
dce5a51b-941d-4667-a6d4-fae15e46d9b3,https://img.shields.io/badge/Blogger-FF5722?style=for-the-badge&logo=blogger&logoColor=white,blogger
60bd482f-a5e7-48d1-ab78-ab92b407b97a,https://img.shields.io/badge/dev.to-0A0A0A?style=for-the-badge&logo=dev.to&logoColor=white,dev.toblog
2cdacee9-530a-4efa-8627-dc57c46f230c,https://img.shields.io/badge/ghost-000?style=for-the-badge&logo=ghost&logoColor=%23F7DF1E,ghost
762b3ef4-37c4-400f-b4e6-812c1cc67ae5,https://img.shields.io/badge/Hashnode-2962FF?style=for-the-badge&logo=hashnode&logoColor=white,hashnode
c3045f10-01f6-4c00-a8f9-4292295cf818,https://img.shields.io/badge/Medium-12100E?style=for-the-badge&logo=medium&logoColor=white,medium
3ae6ab04-2bcf-4b80-8a3d-b23679ce1ad9,https://img.shields.io/badge/Micro.blog-FF8800?style=for-the-badge&logo=micro.blog&logoColor=white,micro.blog
63e916d4-6bf2-4a84-b931-cca789b3010d,https://img.shields.io/badge/rss-F88900?style=for-the-badge&logo=rss&logoColor=white,rss
57d89ebe-6d34-41ef-aff3-ca5993e3d68d,https://img.shields.io/badge/Substack-%23006f5c.svg?style=for-the-badge&logo=substack&logoColor=FF6719,substack
082d58fe-f930-4f9d-975c-7f56680df8a4,https://img.shields.io/badge/wix-000?style=for-the-badge&logo=wix&logoColor=white,wix
89e66b4a-7ccf-4c52-b650-8da06684ffa0,https://img.shields.io/badge/Brave-FB542B?style=for-the-badge&logo=Brave&logoColor=white,brave
a8f0769a-c25b-49cc-996c-97a68660da31,https://img.shields.io/badge/Edge-0078D7?style=for-the-badge&logo=Microsoft-edge&logoColor=white,edge
4b8f6f7d-4c33-4af6-a8ff-64389c4481a7,https://img.shields.io/badge/Firefox-FF7139?style=for-the-badge&logo=Firefox-Browser&logoColor=white,firefox
4e1dc123-fc67-4660-a654-4fcaf96c2277,https://img.shields.io/badge/Google%20Chrome-4285F4?style=for-the-badge&logo=GoogleChrome&logoColor=white,googlechrome
c7520c9e-36e6-48ea-bf53-f8b2257ae50c,https://img.shields.io/badge/Internet%20Explorer-0076D6?style=for-the-badge&logo=Internet%20Explorer&logoColor=white,ie
4a8296eb-114e-4938-81ff-6988f4334935,https://img.shields.io/badge/Opera-FF1B2D?style=for-the-badge&logo=Opera&logoColor=white,opera
ef7e3d59-60fd-4a68-a689-4d14c8dbd165,https://img.shields.io/badge/Safari-000000?style=for-the-badge&logo=Safari&logoColor=white,safari
e327d764-6164-4afb-ab7a-de7965153a22,https://img.shields.io/badge/Tor-7D4698?style=for-the-badge&logo=Tor-Browser&logoColor=white,tor
6dfb21ef-150a-4ccd-8380-5799c7a64ae4,https://img.shields.io/badge/Vivaldi-EF3939?style=for-the-badge&logo=Vivaldi&logoColor=white,vivaldi
8e807648-5edb-4f9a-8f9c-46d463a8dd73,https://img.shields.io/badge/circle%20ci-%23161616.svg?style=for-the-badge&logo=circleci&logoColor=white,circleci
8f3d28d3-3bdb-4eae-a98a-742dab85f653,https://img.shields.io/badge/chipperci-1e394e.svg?style=for-the-badge&logo=chipperci&logoColor=white,chipperci
c4702d3a-97f0-45d7-bd80-6ecb752c60e3,https://img.shields.io/badge/CloudBees-1997B5&?logo=cloudbees&logoColor=white&style=for-the-badge,cloudbees
2e2bfd08-2158-4371-8ea6-181f1fd9bfb8,https://img.shields.io/badge/gitlab%20ci-%23181717.svg?style=for-the-badge&logo=gitlab&logoColor=white,gitlabci
d30f505a-fd19-4ac4-9751-615553d4e411,https://img.shields.io/badge/github%20actions-%232671E5.svg?style=for-the-badge&logo=githubactions&logoColor=white,githubactions
338e3f60-0a6a-4e33-85ad-f5485c19c9a5,https://img.shields.io/badge/teamcity-000000.svg?style=for-the-badge&logo=teamcity&logoColor=white,teamcity
0af763af-b003-4754-a91f-6f3454283211,https://img.shields.io/badge/travis%20ci-%232B2F33.svg?style=for-the-badge&logo=travis&logoColor=white,travisci
603d8351-2d9d-421a-9736-c05b5f89a12a,https://img.shields.io/badge/octopus%20deploy-0D80D8?style=for-the-badge&logo=octopusdeploy&logoColor=white,octopusdeploy
bab6ef0d-0ad8-494f-9dc5-076aac3fbd56,https://img.shields.io/badge/Dropbox-%233B4D98.svg?style=for-the-badge&logo=Dropbox&logoColor=white,dropbox
2ba8046d-f462-4820-8e25-23c5d4c960a8,https://img.shields.io/badge/Google%20Drive-4285F4?style=for-the-badge&logo=googledrive&logoColor=white,googledrive
bf2f76c8-2968-4a0f-8bad-58cf96553f01,https://img.shields.io/badge/Mega-%23D90007.svg?style=for-the-badge&logo=Mega&logoColor=white,mega.nz
eead3204-55fc-4ae9-b638-fe9209555873,https://img.shields.io/badge/OneDrive-0078D4.svg?style=for-the-badge&logo=microsoftonedrive&logoColor=white,onedrive
513b9982-f6e7-4888-a3f4-3878427f5b6e,https://img.shields.io/badge/Next%20Cloud-0B94DE?style=for-the-badge&logo=nextcloud&logoColor=white,nextcloud
deef21fd-dd3c-4c48-a61d-4c33ff877a11,https://img.shields.io/badge/Amp-005AF0?style=for-the-badge&logo=amp&logoColor=white,amp
69d8ea04-8dea-4834-89c0-896256dfec67,https://img.shields.io/badge/Bitcoin-000?style=for-the-badge&logo=bitcoin&logoColor=white,bitcoin
8020b13f-7d9c-4b30-95d8-e65f1d025230,https://img.shields.io/badge/Bitcoin%20Cash-0AC18E?style=for-the-badge&logo=Bitcoin%20Cash&logoColor=white,bitcoincash
f91fcbf1-3a69-4c36-a3c5-d82fb9fc7c78,https://img.shields.io/badge/Bitcoin%20SV-EAB300?style=for-the-badge&logo=Bitcoin%20SV&logoColor=white,bitcoinsv
9ac0c41e-dcfc-40b4-b03f-c0eff6060ee5,https://img.shields.io/badge/Binance-FCD535?style=for-the-badge&logo=binance&logoColor=white,binance
06e6daeb-4c19-4e55-83bc-78d12278e077,https://img.shields.io/badge/Chainlink-375BD2?style=for-the-badge&logo=Chainlink&logoColor=white,chainlink
1eadd78c-b4ce-41bd-8d70-f717fdd573fc,https://img.shields.io/badge/dogecoin-B59A30?style=for-the-badge&logo=dogecoin&logoColor=white,dogecoin
d8b3c2dd-f234-4033-a444-8bb9feef482f,https://img.shields.io/badge/dash-008DE4?style=for-the-badge&logo=dash&logoColor=white,dash
3e691397-ff8a-4a5a-9167-28168e48b8e2,https://img.shields.io/badge/Ethereum-3C3C3D?style=for-the-badge&logo=Ethereum&logoColor=white,ethereum
6e83f716-f882-4f07-ba6a-4429ba2f98ec,https://img.shields.io/badge/iota-29334C?style=for-the-badge&logo=iota&logoColor=white,iota
134fc6b6-5645-48d3-9473-4137aecac2ed,https://img.shields.io/badge/Litecoin-A6A9AA?style=for-the-badge&logo=Litecoin&logoColor=white,litecoin
9c4a1ba9-7348-488f-8091-7c3518061057,https://img.shields.io/badge/monero-FF6600?style=for-the-badge&logo=monero&logoColor=white,monero
744310cd-c7a3-4611-b505-eadd5e2ef67c,https://img.shields.io/badge/polkadot-E6007A?style=for-the-badge&logo=polkadot&logoColor=white,polkadot
ba4243fd-df3e-49fa-89fe-e766af5db3cc,https://img.shields.io/badge/Stellar-7D00FF?style=for-the-badge&logo=Stellar&logoColor=white,stellar
0e335c71-4115-43b5-ac3d-927c65970bc8,https://img.shields.io/badge/tether-168363?style=for-the-badge&logo=tether&logoColor=white,tether
5055f2f3-ae1c-4587-9cf7-b4e3cd55b832,https://img.shields.io/badge/Xrp-black?style=for-the-badge&logo=xrp&logoColor=white,xrp
d0992325-76ae-4f76-b754-0a2255ad40f0,https://img.shields.io/badge/Zcash-F4B728?style=for-the-badge&logo=zcash&logoColor=white,zcash
3f15e1a7-a1a6-4947-a9a6-479614fcd9d4,https://img.shields.io/badge/Amazon%20DynamoDB-4053D6?style=for-the-badge&logo=Amazon%20DynamoDB&logoColor=white,amazondynamodb
84c81330-1970-4366-afdc-22bc92f7bc7b,https://img.shields.io/badge/cassandra-%231287B1.svg?style=for-the-badge&logo=apache-cassandra&logoColor=white,apachecassandra
a233028b-92cc-4f2d-ab06-64705a9cef1b,https://img.shields.io/badge/Cockroach%20Labs-6933FF?style=for-the-badge&logo=Cockroach%20Labs&logoColor=white,cockroachlabs
57142abe-071b-4d5a-91fc-2560f712cd57,https://img.shields.io/badge/Couchbase-EA2328?style=for-the-badge&logo=couchbase&logoColor=white,couchbase
3675493b-65ea-40bb-bf2c-d2e17e8734fb,https://img.shields.io/badge/firebase-%23039BE5.svg?style=for-the-badge&logo=firebase,firebase
ea1e7eb2-f125-47e6-b9c2-1d631e96ee5b,https://img.shields.io/badge/InfluxDB-22ADF6?style=for-the-badge&logo=InfluxDB&logoColor=white,influxdb
214057c9-979f-4279-b934-52b7b88403ce,https://img.shields.io/badge/MariaDB-003545?style=for-the-badge&logo=mariadb&logoColor=white,mariadb
049e6e03-25c6-4e73-8719-edb52856fff8,https://img.shields.io/badge/Musicbrainz-EB743B?style=for-the-badge&logo=musicbrainz&logoColor=BA478F,musicbrainz
cf6f088f-7574-4e19-b69c-881baac74863,https://img.shields.io/badge/Microsoft%20SQL%20Sever-CC2927?style=for-the-badge&logo=microsoft%20sql%20server&logoColor=white,microsoftsqlserver
ccb0fd73-1abe-4c5d-bae7-1d6327eda604,https://img.shields.io/badge/MongoDB-%234ea94b.svg?style=for-the-badge&logo=mongodb&logoColor=white,mongodb
874af103-0196-406a-848b-1088808b87b6,https://img.shields.io/badge/mysql-%2300f.svg?style=for-the-badge&logo=mysql&logoColor=white,mysql
84bfa7f4-fa80-4725-a3e7-9cd08e50eac4,https://img.shields.io/badge/Neo4j-008CC1?style=for-the-badge&logo=neo4j&logoColor=white,neo4j
8a595dd3-fab2-4927-a60b-eadac5353e99,https://img.shields.io/badge/postgres-%23316192.svg?style=for-the-badge&logo=postgresql&logoColor=white,postgres
82979c2c-81e8-4ca3-9974-6d0caf3c48f4,https://img.shields.io/badge/Realm-39477F?style=for-the-badge&logo=realm&logoColor=white,realm
39be514f-dff8-4091-82a8-d2092a6d463f,https://img.shields.io/badge/redis-%23DD0031.svg?style=for-the-badge&logo=redis&logoColor=white,redis
91349426-e51f-4f51-b081-82afd2bbcf7f,https://img.shields.io/badge/Single%20Store-AA00FF?style=for-the-badge&logo=singlestore&logoColor=white,singlestore
9ca39bbd-c555-4cf8-9805-1e54e24a8a77,https://img.shields.io/badge/sqlite-%2307405e.svg?style=for-the-badge&logo=sqlite&logoColor=white,sqlite
c4c17dd9-8c35-456d-ab15-6d00978caed9,https://img.shields.io/badge/Supabase-3ECF8E?style=for-the-badge&logo=supabase&logoColor=white,supabase
712df564-4c44-4f63-8031-1cd8fb59be69,https://img.shields.io/badge/SurrealDB-FF00A0?style=for-the-badge&logo=surrealdb&logoColor=white,surrealdb
1f000d1d-7b7c-43cb-9b10-e3e8deb9cee0,https://img.shields.io/badge/Teradata-F37440?style=for-the-badge&logo=teradata&logoColor=white,teradata
55f18196-71e1-4fb2-95af-f63b6d9e2c4b,https://img.shields.io/badge/adobe-%23FF0000.svg?style=for-the-badge&logo=adobe&logoColor=white,adobe
5af7aa7e-c5c7-4864-9930-4d3f3e2fd239,https://img.shields.io/badge/Adobe%20Acrobat%20Reader-EC1C24.svg?style=for-the-badge&logo=Adobe%20Acrobat%20Reader&logoColor=white,adobeacrobat reader
5010d488-063c-455d-84cc-0a49dae7f97e,https://img.shields.io/badge/Adobe%20After%20Effects-9999FF.svg?style=for-the-badge&logo=Adobe%20After%20Effects&logoColor=white,adobeafter effects
cb35a011-b187-4f28-982d-dad9f908dd4d,https://img.shields.io/badge/Adobe%20Audition-9999FF.svg?style=for-the-badge&logo=Adobe%20Audition&logoColor=white,adobeaudition
0ca73ab6-a9de-4dce-a627-497e24be887c,https://img.shields.io/badge/Adobe%20Creative%20Cloud-DA1F26.svg?style=for-the-badge&logo=Adobe%20Creative%20Cloud&logoColor=white,adobecreative cloud
cc7d68da-b049-489c-a37d-15231ce31769,https://img.shields.io/badge/Adobe%20Dreamweaver-FF61F6.svg?style=for-the-badge&logo=Adobe%20Dreamweaver&logoColor=white,adobedreamweaver
826303d9-a9ae-409f-8320-532744a0566b,https://img.shields.io/badge/Adobe%20Fonts-000B1D.svg?style=for-the-badge&logo=Adobe%20Fonts&logoColor=white,adobefonts
f48f26f1-c593-409e-b488-53facae392d5,https://img.shields.io/badge/adobe%20illustrator-%23FF9A00.svg?style=for-the-badge&logo=adobe%20illustrator&logoColor=white,adobeillustrator
706f5885-8228-43f2-b79b-8921312cda7f,https://img.shields.io/badge/Adobe%20InDesign-49021F?style=for-the-badge&logo=adobeindesign&logoColor=white,adobeindesign
434b3d13-8905-4fc4-8fc8-4498db62494f,https://img.shields.io/badge/Adobe%20Lightroom-31A8FF.svg?style=for-the-badge&logo=Adobe%20Lightroom&logoColor=white,adobelightroom
73c5ec25-99b4-4e4a-841c-0077d8f2c71f,https://img.shields.io/badge/Adobe%20Lightroom%20Classic-31A8FF.svg?style=for-the-badge&logo=Adobe%20Lightroom%20Classic&logoColor=white,adobelightroom classic
4ae72db7-5b36-4aed-bf72-04d0653d995b,https://img.shields.io/badge/adobe%20photoshop-%2331A8FF.svg?style=for-the-badge&logo=adobe%20photoshop&logoColor=white,adobephotoshop
eb32f2af-d74e-45eb-a008-de6981430794,https://img.shields.io/badge/Adobe%20Premiere%20Pro-9999FF.svg?style=for-the-badge&logo=Adobe%20Premiere%20Pro&logoColor=white,adobepremiere pro
94703f36-16d7-4f0f-9178-486942e4ca83,https://img.shields.io/badge/Adobe%20XD-470137?style=for-the-badge&logo=Adobe%20XD&logoColor=#FF61F6,adobexd
99de087d-0128-48bb-b256-1d54091d23f8,https://img.shields.io/badge/Aseprite-FFFFFF?style=for-the-badge&logo=Aseprite&logoColor=#7D929E,aseprite
61d83d4d-e788-4413-b66b-58e22bc16d74,https://img.shields.io/badge/affinity%20desginer-%231B72BE.svg?style=for-the-badge&logo=affinity-designer&logoColor=white,affinitydesigner
28c32997-4c9f-4a36-952a-c49c8323baa5,https://img.shields.io/badge/affinityphoto-%237E4DD2.svg?style=for-the-badge&logo=affinity-photo&logoColor=white,affinityphoto
4ca27281-0dd7-4329-bddc-91a9c580bccc,https://img.shields.io/badge/blender-%23F5792A.svg?style=for-the-badge&logo=blender&logoColor=white,blender
c1138e87-ea16-4aad-8f84-cf9b5c988f28,https://img.shields.io/badge/Canva-%2300C4CC.svg?style=for-the-badge&logo=Canva&logoColor=white,canva
d3468c2c-9ba4-4267-af49-92969dafd941,https://img.shields.io/badge/Dribbble-EA4C89?style=for-the-badge&logo=dribbble&logoColor=white,dribbble
cbc6fde8-d357-4c82-9223-c0cc0f62dcd1,https://img.shields.io/badge/figma-%23F24E1E.svg?style=for-the-badge&logo=figma&logoColor=white,figma
0fb5d8ef-a5f8-41aa-8785-84db7589e906,https://img.shields.io/badge/Framer-black?style=for-the-badge&logo=framer&logoColor=blue,framer
77fc7150-5e45-4fb5-851e-dd9dc8efeab3,https://img.shields.io/badge/Gimp-657D8B?style=for-the-badge&logo=gimp&logoColor=FFFFFF,gimpgnu image manipulation program
2a7b7da2-89a4-4c88-9101-31666190999f,https://img.shields.io/badge/Inkscape-e0e0e0?style=for-the-badge&logo=inkscape&logoColor=080A13,inkscape
295c72ee-b065-4878-bff7-429a7d81a360,https://img.shields.io/badge/invision-FF3366?style=for-the-badge&logo=invision&logoColor=white,invision
c9409367-abd8-47ae-88d3-d778068ddd7f,https://img.shields.io/badge/Krita-203759?style=for-the-badge&logo=krita&logoColor=EEF37B,krita
254c2f9b-7e87-4bb0-a86d-dcf77dd8e043,https://img.shields.io/badge/Proto.io-161637?style=for-the-badge&logo=proto.io&logoColor=00e5ff,proto.io
85854659-0fdb-4dae-961b-ed5ed223d4bf,https://img.shields.io/badge/Sketch-FFB387?style=for-the-badge&logo=sketch&logoColor=black,sketch
b48d80b1-9b79-4651-9eb4-65b75c3e0a66,https://img.shields.io/badge/-Storybook-FF4785?style=for-the-badge&logo=storybook&logoColor=white,storybook
8562ab4a-4094-4293-aa4c-fd8dc51fe6ba,https://img.shields.io/badge/CodeChef-%23964B00.svg?style=for-the-badge&logo=CodeChef&logoColor=white,codechef
a19af57c-5f1a-4adb-828a-7e935a298206,https://img.shields.io/badge/Codeforces-445f9d?style=for-the-badge&logo=Codeforces&logoColor=white,codeforces
0b4645b4-81e6-45a9-ba4f-3757bb2868d6,https://img.shields.io/badge/CodePen-white?style=for-the-badge&logo=codepen&logoColor=black,codepen
5949429f-03bf-425a-9b8a-24d241e49f0e,https://img.shields.io/badge/HackerEarth-%232C3454.svg?&style=for-the-badge&logo=HackerEarth&logoColor=Blue,hackerearth
751e2335-9e7b-48d4-9d7c-f170ee28506b,https://img.shields.io/badge/-Hackerrank-2EC866?style=for-the-badge&logo=HackerRank&logoColor=white,hackerrank
89c71597-9190-4026-b84f-10fc1c33fc30,https://img.shields.io/badge/LeetCode-000000?style=for-the-badge&logo=LeetCode&logoColor=#d16c06,leetcode
dfc84882-24ff-420a-84d6-19014bf9e687,https://img.shields.io/badge/Kaggle-035a7d?style=for-the-badge&logo=kaggle&logoColor=white,kaggle
e513dd1e-9e34-4525-b26e-5109e54c0a88,https://img.shields.io/badge/OnePlusForums-%23EB0028.svg?style=for-the-badge&logo=OnePlus&logoColor=white,oneplusforums
30b4fc3e-5d1c-4ffb-9760-2f5c397dfc40,https://img.shields.io/badge/Quora-%23B92B27.svg?style=for-the-badge&logo=Quora&logoColor=white,quora
9aadb95b-5f5c-4471-98b5-5cb92ed705a7,https://img.shields.io/badge/Reddit-FF4500?style=for-the-badge&logo=reddit&logoColor=white,reddit
9750f1d2-98b3-4242-b953-0520cb3ba1c6,https://img.shields.io/badge/ResearchGate-00CCBB?style=for-the-badge&logo=ResearchGate&logoColor=white,researchgate
2928f12e-9105-4dc2-857f-6b9cf4f1151c,https://img.shields.io/badge/StackExchange-%23ffffff.svg?style=for-the-badge&logo=StackExchange&logoColor=white,stackexchange
290ec6ea-55f0-4f4a-8d81-8937672436f8,https://img.shields.io/badge/-Stackoverflow-FE7A16?style=for-the-badge&logo=stack-overflow&logoColor=white,stackoverflow
b2f565f6-7b94-4907-8dd3-b8f8cb6b789e,https://img.shields.io/badge/XDA--Developers-%23AC6E2F.svg?style=for-the-badge&logo=XDA-Developers&logoColor=white,xda-developers
314459a7-8bf7-45ec-98ce-f2580d3f04b3,https://img.shields.io/badge/Bookstack-%230288D1.svg?style=for-the-badge&logo=bookstack&logoColor=white,bookstack
4b135e86-8f26-4931-839f-ec409886f277,https://img.shields.io/badge/Wikipedia-%23000000.svg?style=for-the-badge&logo=wikipedia&logoColor=white,wikipedia
8d50507b-2743-4ec6-b187-1dfc63f41350,https://img.shields.io/badge/wiki.js-%231976D2.svg?style=for-the-badge&logo=wikidotjs&logoColor=white,wiki.js
76de3dac-3b2c-48db-a805-c148c5d9cec0,https://img.shields.io/badge/Codecademy-FFF0E5?style=for-the-badge&logo=codecademy&logoColor=1F243A,codecademy
6c41967c-fbef-4834-9c35-3d9481568dd0,https://img.shields.io/badge/coding%20ninjas-DD6620?style=for-the-badge&logo=codingninjas&logoColor=white,codingninjas
9f8a31a6-27d0-4354-a7d3-0f56ee271808,https://img.shields.io/badge/Codewars-B1361E?style=for-the-badge&logo=codewars&logoColor=grey,codewars
2259fe81-f221-4477-b906-490aa5f2d75b,https://img.shields.io/badge/Coursera-%230056D2.svg?style=for-the-badge&logo=Coursera&logoColor=white,coursera
8e11dbc7-4414-4ee3-a82a-e175517cb6b6,https://img.shields.io/badge/Datacamp-05192D?style=for-the-badge&logo=datacamp&logoColor=03E860,datacamp
6111fb2a-47e0-4bf4-a45c-0f8968b5c8e0,https://img.shields.io/badge/Duolingo-%234DC730.svg?style=for-the-badge&logo=Duolingo&logoColor=white,duolingo
50811e20-58e8-4bae-8b83-99434b55a01d,https://img.shields.io/badge/edX-%2302262B.svg?style=for-the-badge&logo=edX&logoColor=white,edx
9898aa8e-2c7c-48b7-9661-aafd93d13511,https://img.shields.io/badge/Exercism-009CAB?style=for-the-badge&logo=exercism&logoColor=white,exercism
be13ce05-c55a-4a56-ae50-71b74e43d0c1,https://img.shields.io/badge/Freecodecamp-%23123.svg?&style=for-the-badge&logo=freecodecamp&logoColor=green,freecodecamp
9bcd6a3d-0a44-4407-adf1-b05a818cffb5,https://img.shields.io/badge/future%20learn-DE00A5?style=for-the-badge&logo=futurelearn&logoColor=white,futurelearn
dd69a895-a810-4a80-970f-2f08e60584fd,https://img.shields.io/badge/GeeksforGeeks-gray?style=for-the-badge&logo=geeksforgeeks&logoColor=35914c,geeksforgeeks
7cf51ff7-0246-4444-990e-9b2a29a85e9d,https://img.shields.io/badge/KhanAcademy-%2314BF96.svg?style=for-the-badge&logo=KhanAcademy&logoColor=white,khanacademy
63d3e266-3cc5-43e4-8511-95708320b89d,https://img.shields.io/badge/MDN_Web_Docs-black?style=for-the-badge&logo=mdnwebdocs&logoColor=white,mdnweb docs
c8bf025e-bb79-4e5e-a781-571b494eadf5,https://img.shields.io/badge/Microsoft_Learn-258ffa?style=for-the-badge&logo=microsoft&logoColor=white,microsoftlearn
f5128f1c-c5f9-424b-acb4-0eeac3a9f604,https://img.shields.io/badge/Pluralsight-EE3057?style=for-the-badge&logo=pluralsight&logoColor=white,pluralsight
6bb7ad6f-342f-4fb7-8824-fb2ce1713dd7,https://img.shields.io/badge/scrimba-2B283A?style=for-the-badge&logo=scrimba&logoColor=white,scrimba
517fe4a6-5750-4efa-a6b7-1e60aa08c261,https://img.shields.io/badge/Skill%20share-002333?style=for-the-badge&logo=skillshare&logoColor=00FF84,skillshare
507b9dde-e9cc-43f4-9994-004f71eb6932,https://img.shields.io/badge/Udacity-grey?style=for-the-badge&logo=udacity&logoColor=15B8E6,udacity
567202d1-7736-481b-975c-f9d8b6ce3cf0,https://img.shields.io/badge/Udemy-A435F0?style=for-the-badge&logo=Udemy&logoColor=white,udemy
3364166c-6c5a-4e91-933a-b6c82b9aa6ea,https://img.shields.io/badge/AmazonPay-ff9900.svg?style=for-the-badge&logo=Amazon-Pay&logoColor=white,amazonpay
031e3602-d531-402e-94d3-c7b5396e1318,https://img.shields.io/badge/ApplePay-000000.svg?style=for-the-badge&logo=Apple-Pay&logoColor=white,applepay
ae2ee518-4f8d-4bca-b4a6-846bea0b0c87,https://img.shields.io/badge/Buy%20Me%20a%20Coffee-ffdd00?style=for-the-badge&logo=buy-me-a-coffee&logoColor=black,buymeacoffee
e7bb1441-149f-4196-9bdd-78a10f36c51f,https://img.shields.io/badge/sponsor-30363D?style=for-the-badge&logo=GitHub-Sponsors&logoColor=#EA4AAA,github-sponsors
bf3cbbb7-d4aa-40e3-aeac-427be1bdad59,https://img.shields.io/badge/GooglePay-%233780F1.svg?style=for-the-badge&logo=Google-Pay&logoColor=white,googlepay
ed1beb02-10a7-46bc-b1c0-cc6320b5bd74,https://img.shields.io/badge/Ko--fi-F16061?style=for-the-badge&logo=ko-fi&logoColor=white,ko-fi
4173520f-b532-460f-8170-98597e2b8524,https://img.shields.io/badge/Liberapay-F6C915?style=for-the-badge&logo=liberapay&logoColor=black,liberapay
d7bac238-761c-4f7c-ae0c-797c8dfeb20b,https://img.shields.io/badge/Patreon-F96854?style=for-the-badge&logo=patreon&logoColor=white,patreon
dadcbd31-1c1a-4f07-a562-dc748377de6b,https://img.shields.io/badge/PayPal-00457C?style=for-the-badge&logo=paypal&logoColor=white,paypal
2ee2d21b-23cb-4494-bd5a-526ba63d5495,https://img.shields.io/badge/Paytm-1C2C94?style=for-the-badge&logo=paytm&logoColor=05BAF3,paytm
947f7273-d199-4ac4-bad2-373331aee52f,https://img.shields.io/badge/Phonepe-54039A?style=for-the-badge&logo=phonepe&logoColor=white,phonepe
661bd531-69e0-4a9b-9bbb-3829767f18a5,https://img.shields.io/badge/SamsungPay-1428A0.svg?style=for-the-badge&logo=Samsung-Pay&logoColor=white,samsungpay
2933abf0-9b74-4603-add0-18e7135516b2,https://img.shields.io/badge/Wise-394e79?style=for-the-badge&logo=wise&logoColor=00B9FF,wise
ad64412c-e2f6-4ff1-9889-7317e2258103,https://img.shields.io/badge/.NET-5C2D91?style=for-the-badge&logo=.net&logoColor=white,.net
7505f872-e02e-41bb-b1f3-895ea3cf69e5,https://img.shields.io/badge/adonisjs-%23220052.svg?style=for-the-badge&logo=adonisjs&logoColor=white,adonisjs
875e1bb0-4a77-4719-96d5-e52489047eab,https://img.shields.io/badge/Anaconda-%2344A833.svg?style=for-the-badge&logo=anaconda&logoColor=white,anaconda
14e2034f-a9e5-4e6d-a72f-224a930821f9,https://img.shields.io/badge/angular-%23DD0031.svg?style=for-the-badge&logo=angular&logoColor=white,angular
a6b9bb40-1f09-4430-b755-210f11d4ff12,https://img.shields.io/badge/angular.js-%23E23237.svg?style=for-the-badge&logo=angularjs&logoColor=white,angular.js
b2cb8208-3256-4025-81b1-3e6a88d924fa,https://img.shields.io/badge/-AntDesign-%230170FE?style=for-the-badge&logo=ant-design&logoColor=white,ant-design
79dc4c9a-f6aa-4450-8b51-6cf071ee8709,https://img.shields.io/badge/Apache%20Kafka-000?style=for-the-badge&logo=apachekafka,apachekafka
c4786f1b-467b-45b6-8d36-583c205c877f,https://img.shields.io/badge/-ApolloGraphQL-311C87?style=for-the-badge&logo=apollo-graphql,apollo-graphql
458d5810-962b-4502-8857-fa3170fd22f9,https://img.shields.io/badge/aurelia-%23ED2B88.svg?style=for-the-badge&logo=aurelia&logoColor=fff,aurelia
a7e1ff26-9c3e-4346-a028-e536930b46ac,https://img.shields.io/badge/blazor-%235C2D91.svg?style=for-the-badge&logo=blazor&logoColor=white,blazor
0b8dbae8-c36e-4e1c-a567-e927399f00c2,https://img.shields.io/badge/bootstrap-%23563D7C.svg?style=for-the-badge&logo=bootstrap&logoColor=white,bootstrap
fcb7146d-b8d4-44f6-b606-2335dc666532,https://img.shields.io/badge/Buefy-7957D5?style=for-the-badge&logo=buefy&logoColor=48289E,buefy
6be50012-3cd6-47bf-87b4-2317359747f5,https://img.shields.io/badge/bulma-00D0B1?style=for-the-badge&logo=bulma&logoColor=white,bulma
c96eb178-c1fe-4053-9ac1-1d45e002389c,https://img.shields.io/badge/chakra-%234ED1C5.svg?style=for-the-badge&logo=chakraui&logoColor=white,chakra
3dd0ea72-744a-4aae-99c7-820f40d69e97,https://img.shields.io/badge/chart.js-F5788D.svg?style=for-the-badge&logo=chart.js&logoColor=white,chart.js
0e294922-25ff-4b56-b5b0-99a2de48ef5e,https://img.shields.io/badge/CodeIgniter-%23EF4223.svg?style=for-the-badge&logo=codeIgniter&logoColor=white,code-igniter
19f3c979-c41f-47ab-baa8-95d7958c7379,https://img.shields.io/badge/deno%20js-000000?style=for-the-badge&logo=deno&logoColor=white,denojs
e4c1f05b-975c-4c11-956c-e57a1b44b8a0,https://img.shields.io/badge/directus-%2364f.svg?style=for-the-badge&logo=directus&logoColor=white,directus
a2ad0ae1-bf03-4b6d-95ee-fb0be0c24743,https://img.shields.io/badge/django-%23092E20.svg?style=for-the-badge&logo=django&logoColor=white,django
a10ec7b3-c2dc-4c6c-b50e-14f90dd178e4,https://img.shields.io/badge/DJANGO-REST-ff1709?style=for-the-badge&logo=django&logoColor=white&color=ff1709&labelColor=gray,djangorest
07b45444-4639-47ca-bc7d-add67812e2fc,https://img.shields.io/badge/drupal-%230678BE.svg?style=for-the-badge&logo=drupal&logoColor=white,drupal
60db0ac9-a4d3-4533-acc2-06cbf30710cf,https://img.shields.io/badge/Electron-191970?style=for-the-badge&logo=Electron&logoColor=white,electron.js
e35062ed-8bbb-421c-8d8b-89eb3c3ffd78,https://img.shields.io/badge/ember-1C1E24?style=for-the-badge&logo=ember.js&logoColor=#D04A37,ember
19228ece-9c1d-4744-be84-f4fe9b14388c,https://img.shields.io/badge/expo-1C1E24?style=for-the-badge&logo=expo&logoColor=#D04A37,expo
46b27872-6dba-41f5-90db-81244aa9cd9c,https://img.shields.io/badge/express.js-%23404d59.svg?style=for-the-badge&logo=express&logoColor=%2361DAFB,express.js
3e88bfa6-da13-4f0b-a636-45ec13f6633c,https://img.shields.io/badge/FastAPI-005571?style=for-the-badge&logo=fastapi,fastapi
140d2963-096d-4e26-bf06-5b312e66c302,https://img.shields.io/badge/fastify-%23000000.svg?style=for-the-badge&logo=fastify&logoColor=white,fastify
32d8f280-61bf-490d-ad71-479013421f5e,https://img.shields.io/badge/flask-%23000.svg?style=for-the-badge&logo=flask&logoColor=white,flask
5638e490-29ce-47d5-97f5-2a04cbd8c191,https://img.shields.io/badge/Flutter-%2302569B.svg?style=for-the-badge&logo=Flutter&logoColor=white,flutter
62292c0c-8a7e-4df8-bce7-25b8f2adab5f,https://img.shields.io/badge/Gatsby-%23663399.svg?style=for-the-badge&logo=gatsby&logoColor=white,gatsby
c06520c1-0c92-45dd-9141-b61897a16015,https://img.shields.io/badge/green%20sock-88CE02?style=for-the-badge&logo=greensock&logoColor=white,greensock
67b04b97-5b5e-4837-984a-a19367389c4f,https://img.shields.io/badge/GULP-%23CF4647.svg?style=for-the-badge&logo=gulp&logoColor=white,gulp
a8ce6d67-4192-49e0-9466-209c60eaf758,https://img.shields.io/badge/Insomnia-black?style=for-the-badge&logo=insomnia&logoColor=5849BE,insomnia
2aab700f-3e68-46b3-b9d3-cf3cd206568f,https://img.shields.io/badge/Hugo-black.svg?style=for-the-badge&logo=Hugo,hugo
7759e1fa-5234-4cc0-9837-0c2d2dc49761,https://img.shields.io/badge/Ionic-%233880FF.svg?style=for-the-badge&logo=Ionic&logoColor=white,ionic
9aadf224-799f-4b90-9ee9-341cbc69a64a,https://img.shields.io/badge/-Jasmine-%238A4182?style=for-the-badge&logo=Jasmine&logoColor=white,jasmine
04ea8611-f2e7-4ffa-9cff-f48ff6e4fc9f,https://img.shields.io/badge/jinja-white.svg?style=for-the-badge&logo=jinja&logoColor=black,jinja
00aff045-6f1a-4d8e-a051-906ae780824d,https://img.shields.io/badge/joomla-%235091CD.svg?style=for-the-badge&logo=joomla&logoColor=white,joomla
59be9fbf-f867-43e9-bd64-d895479ba10f,https://img.shields.io/badge/jquery-%230769AD.svg?style=for-the-badge&logo=jquery&logoColor=white,jquery
02506cf1-8cea-4a68-bc11-a2d16c9ca9b1,https://img.shields.io/badge/JWT-black?style=for-the-badge&logo=JSON%20web%20tokens,jwt
54d74da2-4444-4515-aa7f-c15f3c6cbaba,https://img.shields.io/badge/laravel-%23FF2D20.svg?style=for-the-badge&logo=laravel&logoColor=white,laravel
9d6e528b-a41a-455d-8991-f68b66e53d7a,https://img.shields.io/badge/less-2B4C80?style=for-the-badge&logo=less&logoColor=white,less
fddf4f98-580f-4e44-9f12-67715de8ef31,https://img.shields.io/badge/MUI-%230081CB.svg?style=for-the-badge&logo=mui&logoColor=white,mui
15571041-2ef7-4f8f-9b81-81cffa974537,https://img.shields.io/badge/meteorjs-%23d74c4c.svg?style=for-the-badge&logo=meteor&logoColor=white,meteorjs
d83637a9-f4fe-4565-8edb-dbdfe3f52354,https://img.shields.io/badge/NPM-%23000000.svg?style=for-the-badge&logo=npm&logoColor=white,npm
224a42cf-d408-41af-8c78-abb5f434ba55,https://img.shields.io/badge/nestjs-%23E0234E.svg?style=for-the-badge&logo=nestjs&logoColor=white,nestjs
3b252878-68c0-490e-a367-cb9b386d40ad,https://img.shields.io/badge/Next-black?style=for-the-badge&logo=next.js&logoColor=white,nextjs
d53d198f-9e29-46d5-b15f-412583af60fe,https://img.shields.io/badge/node.js-6DA55F?style=for-the-badge&logo=node.js&logoColor=white,nodejs
f932dc45-038f-448b-9161-6cab8a58938e,https://img.shields.io/badge/Nuxt-002E3B?style=for-the-badge&logo=nuxtdotjs&logoColor=#00DC82,nuxtjs
4039184e-242f-4be6-b88d-61bccb0a6a4d,https://img.shields.io/badge/nx-143055?style=for-the-badge&logo=nx&logoColor=white,nx
c399f475-da58-48be-9744-c7df99371272,https://img.shields.io/badge/opencv-%23white.svg?style=for-the-badge&logo=opencv&logoColor=white,opencv
97c8493e-817f-4e3e-9b9d-38977aec5ded,https://img.shields.io/badge/OpenGL-%23FFFFFF.svg?style=for-the-badge&logo=opengl,opengl
e1aa7cd4-9816-4bf9-b45e-ad4acb5a1597,https://img.shields.io/badge/p5.js-ED225D?style=for-the-badge&logo=p5.js&logoColor=FFFFFF,p5js
b76135e6-beaf-4e3e-bbad-2b76a6c42cb0,https://img.shields.io/badge/Prefect-%23ffffff.svg?style=for-the-badge&logo=prefect&logoColor=white,prefect
fbcd3bc7-5ba7-410b-a897-5c32cddaf104,https://img.shields.io/badge/Pug-FFF?style=for-the-badge&logo=pug&logoColor=A86454,pug
5d1fd891-5a6f-439f-b2ae-f0aaa3810507,https://img.shields.io/badge/Qt-%23217346.svg?style=for-the-badge&logo=Qt&logoColor=white,qt
993aa7dc-603d-4dd3-935e-a06d390b6bce,https://img.shields.io/badge/Quasar-16B7FB?style=for-the-badge&logo=quasar&logoColor=black,quasar
8a4d22cc-0c27-4fd2-bff7-1dabd5eb070a,https://img.shields.io/badge/ros-%230A0FF9.svg?style=for-the-badge&logo=ros&logoColor=white,ros
4dd487af-1fcc-4c88-b425-da150d934430,https://img.shields.io/badge/Rabbitmq-FF6600?style=for-the-badge&logo=rabbitmq&logoColor=white,rabbitmq
1425a9fc-e505-4895-8413-0dcf72bd6b39,https://img.shields.io/badge/rails-%23CC0000.svg?style=for-the-badge&logo=ruby-on-rails&logoColor=white,rails
7544af79-eec2-41e5-a676-0f4f43a4c5f6,https://img.shields.io/badge/react-%2320232a.svg?style=for-the-badge&logo=react&logoColor=%2361DAFB,react
81d4fabb-3a92-48d8-8367-833cf0fa60cc,https://img.shields.io/badge/react_native-%2320232a.svg?style=for-the-badge&logo=react&logoColor=%2361DAFB,reactnative
1cb073b5-733f-4d5d-9554-867b0cb7fc2c,https://img.shields.io/badge/-React%20Query-FF4154?style=for-the-badge&logo=react%20query&logoColor=white,reactquery
33ccdd44-5cef-4653-b72b-4528ae8b447c,https://img.shields.io/badge/React_Router-CA4245?style=for-the-badge&logo=react-router&logoColor=white,reactrouter
ef18fdd4-e358-41b0-96ea-650a80f2b555,https://img.shields.io/badge/React%20Hook%20Form-%23EC5990.svg?style=for-the-badge&logo=reacthookform&logoColor=white,reacthook form
f87844d1-0ef1-4841-9cd5-2b2456cd9025,https://img.shields.io/badge/redux-%23593d88.svg?style=for-the-badge&logo=redux&logoColor=white,redux
e93df090-662b-4172-b8cd-106563ab013d,https://img.shields.io/badge/remix-%23000.svg?style=for-the-badge&logo=remix&logoColor=white,remix
aab0088e-255e-4e2e-b8b9-81e979ec3751,https://img.shields.io/badge/RollupJS-ef3335?style=for-the-badge&logo=rollup.js&logoColor=white,rollupjs
3429549f-45cb-428f-8d18-ae7b7453dcdb,https://img.shields.io/badge/rxjs-%23B7178C.svg?style=for-the-badge&logo=reactivex&logoColor=white,rxdb
9d57ccd3-372f-46de-838f-8eda92a36a6b,https://img.shields.io/badge/rxjs-%23B7178C.svg?style=for-the-badge&logo=reactivex&logoColor=white,rxjs
7f4774f3-d9de-4c4c-854c-b0ca43833005,https://img.shields.io/badge/SASS-hotpink.svg?style=for-the-badge&logo=SASS&logoColor=white,sass
a8c46bd7-1874-48fa-85e3-a44141ff04f8,https://img.shields.io/badge/Semantic%20UI%20React-%2335BDB2.svg?style=for-the-badge&logo=SemanticUIReact&logoColor=white,semanticui react
a5ecf8f6-377d-4116-b2ea-ea32a910ca2e,https://img.shields.io/badge/Socket.io-black?style=for-the-badge&logo=socket.io&badgeColor=010101,socket.io
f412e2fd-9748-4d38-9d28-2fe00adfcadd,https://img.shields.io/badge/SolidJS-2c4f7c?style=for-the-badge&logo=solid&logoColor=c8c9cb,solidjs
d8b23dce-44c7-4321-b140-7f11df12dbd7,https://img.shields.io/badge/spring-%236DB33F.svg?style=for-the-badge&logo=spring&logoColor=white,spring
7d62532a-f229-43b4-8f25-32482de77c25,https://img.shields.io/badge/strapi-%232E7EEA.svg?style=for-the-badge&logo=strapi&logoColor=white,strapi
416dadaa-005c-4d12-9259-45f80bc7ff0b,https://img.shields.io/badge/styled--components-DB7093?style=for-the-badge&logo=styled-components&logoColor=white,styledcomponents
bbb5f7a8-ad3a-4591-85d2-473669e9cac9,https://img.shields.io/badge/stylus-%23ff6347.svg?style=for-the-badge&logo=stylus&logoColor=white,stylus
59ab639f-37b4-4682-86cf-8bac1666faa7,https://img.shields.io/badge/svelte-%23f1413d.svg?style=for-the-badge&logo=svelte&logoColor=white,svelte
210f34d0-509c-478b-a43e-3195671d347b,https://img.shields.io/badge/symfony-%23000000.svg?style=for-the-badge&logo=symfony&logoColor=white,symfony
b1f0e09e-cdc5-4ae4-aa8b-8a7a322534f6,https://img.shields.io/badge/tailwindcss-%2338B2AC.svg?style=for-the-badge&logo=tailwind-css&logoColor=white,tailwindcss
e53cff80-3fe2-48d1-b32d-335fc816963d,https://img.shields.io/badge/tauri-%2324C8DB.svg?style=for-the-badge&logo=tauri&logoColor=%23FFFFFF,tauri
4aef3ae9-c27f-4bcf-857d-adea8661802f,https://img.shields.io/badge/threejs-black?style=for-the-badge&logo=three.js&logoColor=white,threejs
b5c42132-331c-455d-ba53-adee22d6016e,https://img.shields.io/badge/Thymeleaf-%23005C0F.svg?style=for-the-badge&logo=Thymeleaf&logoColor=white,thymeleaf
23d0d11d-8bb2-47f6-ba86-a40f16b33c06,https://img.shields.io/badge/-TypeGraphQL-%23C04392?style=for-the-badge,type-graphql
6ebf247c-5c72-40ab-bbbc-7d6876ae39f1,https://img.shields.io/badge/vite-%23646CFF.svg?style=for-the-badge&logo=vite&logoColor=white,vite
53246968-1c4d-44c1-9148-4a5221381672,https://img.shields.io/badge/vuejs-%2335495e.svg?style=for-the-badge&logo=vuedotjs&logoColor=%234FC08D,vue.js
37d69726-7ba9-4a80-9f6b-ec78cf12ef21,https://img.shields.io/badge/Vuetify-1867C0?style=for-the-badge&logo=vuetify&logoColor=AEDDFF,vuetify
72d2fdb5-9a4c-4edf-b434-d572d19350f6,https://img.shields.io/badge/WebGL-990000?logo=webgl&logoColor=white&style=for-the-badge,webgl
533fe417-55bf-4a12-a5e6-52216824f4f7,https://img.shields.io/badge/webpack-%238DD6F9.svg?style=for-the-badge&logo=webpack&logoColor=black,webpack
da867420-011b-4a2a-92a4-0d003b9779e9,https://img.shields.io/badge/web3.js-F16822?style=for-the-badge&logo=web3.js&logoColor=white,web3.js
bb086741-0e61-4468-8de5-63e9a3910773,https://img.shields.io/badge/windicss-48B0F1.svg?style=for-the-badge&logo=windi-css&logoColor=white,windicss
465286de-cc2b-48d1-9b94-536562fb1c5f,https://img.shields.io/badge/WordPress-%23117AC9.svg?style=for-the-badge&logo=WordPress&logoColor=white,wordpress
992cdbdc-3ad6-44f1-bc90-f8ecc75c1728,https://img.shields.io/badge/Xamarin-3199DC?style=for-the-badge&logo=xamarin&logoColor=white,xamarin
9e91b712-c676-43b6-8854-6165214223a7,https://img.shields.io/badge/yarn-%232C8EBB.svg?style=for-the-badge&logo=yarn&logoColor=white,yarn
4af07160-40ad-4c45-96ad-3daac5fb3c50,https://img.shields.io/badge/Analogue-1A1A1A?style=for-the-badge&logo=Analogue&logoColor=white,analogue
524f18a5-b738-4a00-bcc7-9387f26a1e0c,https://img.shields.io/badge/battle.net-%2300AEFF.svg?style=for-the-badge&logo=battle.net&logoColor=white,battle.net
e5f570df-f873-45c8-8b17-1df0f8eac234,https://img.shields.io/badge/ea-%23000000.svg?style=for-the-badge&logo=ea&logoColor=white,ea
40e4ecc9-ed7a-441d-88bb-71e463835d25,https://img.shields.io/badge/epicgames-%23313131.svg?style=for-the-badge&logo=epicgames&logoColor=white,epicgames
f7a9ebd8-680f-4026-8086-98807b8c9913,https://img.shields.io/badge/GODOT-%23FFFFFF.svg?style=for-the-badge&logo=godot-engine,godotengine
043501fc-5400-4c8c-b1cb-5a10b7b28daf,https://img.shields.io/badge/HumbleBundle-%23494F5C.svg?style=for-the-badge&logo=HumbleBundle&logoColor=white,humblebundle
a9440f09-cb6f-416a-a45e-397b0b9ab424,https://img.shields.io/badge/Itch-%23FF0B34.svg?style=for-the-badge&logo=Itch.io&logoColor=white,itch.io
822796ef-bee4-4f36-8962-8ba556d7beb6,https://img.shields.io/badge/nVIDIA-%2376B900.svg?style=for-the-badge&logo=nVIDIA&logoColor=white,nvidia
c2799780-812c-4016-a5b0-4e4f46f64b84,https://img.shields.io/badge/PSN-%230070D1.svg?style=for-the-badge&logo=Playstation&logoColor=white,playstationnetwork
8cc04e2b-ee5f-4e63-b6dd-38814ae3452f,https://img.shields.io/badge/riotgames-D32936.svg?style=for-the-badge&logo=riotgames&logoColor=white,riotgames
925a614a-85b9-4e2d-937b-b49768e44c23,https://img.shields.io/badge/SquareEnix-%23ED1C24.svg?style=for-the-badge&logo=SquareEnix&logoColor=white,squareenix
960b680e-2601-47b4-8f1d-b4424fda0f95,https://img.shields.io/badge/steam-%23000000.svg?style=for-the-badge&logo=steam&logoColor=white,steam
60bff7e4-66e5-43b1-888a-1c1babae9e4b,https://img.shields.io/badge/Ubisoft-%23F5F5F5.svg?style=for-the-badge&logo=Ubisoft&logoColor=black,ubisoft
d6bfcb77-04fb-4576-9a1c-7a5c7c22820c,https://img.shields.io/badge/unity-%23000000.svg?style=for-the-badge&logo=unity&logoColor=white,unity
78c69428-470f-4eed-86e2-4b6f847befda,https://img.shields.io/badge/unrealengine-%23313131.svg?style=for-the-badge&logo=unrealengine&logoColor=white,unrealengine
5b7f58fe-1ee5-44f8-ac0e-c9d00df1b918,https://img.shields.io/badge/Xbox-%23107C10.svg?style=for-the-badge&logo=Xbox&logoColor=white,xbox
60386cdb-2a26-4af4-9d2b-2df2f9db94cf,https://img.shields.io/badge/3DS-D12228?style=for-the-badge&logo=nintendo-3ds&logoColor=white,3ds
ad80c3c7-55ad-4f90-be54-af487d667635,https://img.shields.io/badge/Gamecube-6A5FBB?style=for-the-badge&logo=nintendo-gamecube&logoColor=white,gamecube
70ae54e8-22c1-43ad-b5da-3495c773ec98,https://img.shields.io/badge/Playstation-003791?style=for-the-badge&logo=playstation&logoColor=white,playstation
67425ee4-e8ae-4aae-806c-6f309193a803,https://img.shields.io/badge/Playstation%202-003791?style=for-the-badge&logo=playstation-2&logoColor=white,playstation2
b1064a8a-3c9d-415e-91fd-a53eda3595a8,https://img.shields.io/badge/Playstation%203-003791?style=for-the-badge&logo=playstation-3&logoColor=white,playstation3
b811b281-3d2b-42e5-be46-5f1b294120c5,https://img.shields.io/badge/Playstation%204-003791?style=for-the-badge&logo=playstation-4&logoColor=white,playstation4
4b19f412-1a83-4e6b-9230-be5efd94ff7b,https://img.shields.io/badge/Playstation%205-003791?style=for-the-badge&logo=playstation-5&logoColor=white,playstation5
c353e120-4882-46f6-8b79-d9bd5e2dab84,https://img.shields.io/badge/Playstation%20Vita-003791?style=for-the-badge&logo=playstation-vita&logoColor=white,playstationvita
a51c0716-9794-4d49-86ac-1d4c3cb82a10,https://img.shields.io/badge/Switch-E60012?style=for-the-badge&logo=nintendo-switch&logoColor=white,switch
fc8b2059-3e8d-4e75-a030-7d0cee8fd324,https://img.shields.io/badge/Wii-8B8B8B?style=for-the-badge&logo=wii&logoColor=white,wii
df158a96-aee0-4712-8d40-0e3b2e53d934,https://img.shields.io/badge/Wii%20U-8B8B8B?style=for-the-badge&logo=wiiu&logoColor=white,wiiu
b2b6ebee-7d5f-4229-be6c-496faac9645a,https://img.shields.io/badge/AlibabaCloud-%23FF6701.svg?style=for-the-badge&logo=alibabacloud&logoColor=white,alibabacloud
d7bbafb3-bae3-4a63-a4e5-6b6867524c9d,https://img.shields.io/badge/AWS-%23FF9900.svg?style=for-the-badge&logo=amazon-aws&logoColor=white,aws
36a4831f-f113-458e-b0a0-21f6a60885a6,https://img.shields.io/badge/azure-%230072C6.svg?style=for-the-badge&logo=microsoftazure&logoColor=white,azure
16139c95-059b-454a-92fc-8bc5613a2ec5,https://img.shields.io/badge/Cloudflare-F38020?style=for-the-badge&logo=Cloudflare&logoColor=white,cloudflare
93e34c12-5b8e-481a-a258-b8117def6c7e,https://img.shields.io/badge/Codeberg-2185D0?style=for-the-badge&logo=Codeberg&logoColor=white,codeberg
15c19c77-b730-4895-ad5d-16eedb8baa07,https://img.shields.io/badge/datadog-%23632CA6.svg?style=for-the-badge&logo=datadog&logoColor=white,datadog
3f895261-1d28-49c7-9d71-27e9980b4aab,https://img.shields.io/badge/DigitalOcean-%230167ff.svg?style=for-the-badge&logo=digitalOcean&logoColor=white,digitalocean
05a4e3de-d257-4c17-ba98-50fecf490022,https://img.shields.io/badge/glitch-%233333FF.svg?style=for-the-badge&logo=glitch&logoColor=white,glitch
e9043bf2-10fb-4bf1-a89d-90528b30a0e2,https://img.shields.io/badge/GoogleCloud-%234285F4.svg?style=for-the-badge&logo=google-cloud&logoColor=white,googlecloud
fe1fef70-db0f-4c24-8c4f-1ec646acd2ee,https://img.shields.io/badge/heroku-%23430098.svg?style=for-the-badge&logo=heroku&logoColor=white,heroku
c2bac91d-8126-44d6-8926-318df066aec3,https://img.shields.io/badge/linode-00A95C?style=for-the-badge&logo=linode&logoColor=white,linode
4849d8fa-9436-4132-b572-e432797c1666,https://img.shields.io/badge/netlify-%23000000.svg?style=for-the-badge&logo=netlify&logoColor=#00C7B7,netlify
497b2dd9-5cf4-4bb1-a64b-2cda2ad1a84f,https://img.shields.io/badge/Oracle-F80000?style=for-the-badge&logo=oracle&logoColor=white,oracle
19048732-6c69-4485-8d09-c30350a236cd,https://img.shields.io/badge/Openstack-%23f01742.svg?style=for-the-badge&logo=openstack&logoColor=white,openstack
bb856daa-e217-4602-aa7e-b6c97989fa5f,https://img.shields.io/badge/ovh-%23123F6D.svg?style=for-the-badge&logo=ovh&logoColor=#123F6D,ovh
b651601c-9ccc-46cd-bba5-b374bb390ff9,https://img.shields.io/badge/Render-%46E3B7.svg?style=for-the-badge&logo=render&logoColor=white,render
8f5e94bf-2995-415c-9f0a-4ce9a6961501,https://img.shields.io/badge/SCALEWAY-%234f0599.svg?style=for-the-badge&logo=scaleway&logoColor=white,scaleway
c7915126-817e-4ea5-a615-460860816d87,https://img.shields.io/badge/vercel-%23000000.svg?style=for-the-badge&logo=vercel&logoColor=white,vercel
7e4a998e-c388-4e1e-9132-95259a98fd90,https://img.shields.io/badge/Vultr-007BFC.svg?style=for-the-badge&logo=vultr,vultr
95f04f76-d235-4d10-9fcd-5f654d272991,https://img.shields.io/badge/Android%20Studio-3DDC84.svg?style=for-the-badge&logo=android-studio&logoColor=white,androidstudio
ec1be9ad-684a-4650-a940-b77cf56c0be7,https://img.shields.io/badge/Atom-%2366595C.svg?style=for-the-badge&logo=atom&logoColor=white,atom
47a3ecf6-0274-42d6-a7ec-f4872bcea361,https://img.shields.io/badge/CLion-black?style=for-the-badge&logo=clion&logoColor=white,clion
ed442d42-21b4-4bec-994c-f35dfb55f07c,https://img.shields.io/badge/Codesandbox-040404?style=for-the-badge&logo=codesandbox&logoColor=DBDBDB,codesandbox
e163acfd-7452-4731-a731-58b145a760b4,https://img.shields.io/badge/Eclipse-FE7A16.svg?style=for-the-badge&logo=Eclipse&logoColor=white,eclipse
ad237aa3-ad56-499c-bfb7-bc5152a0b3f4,https://img.shields.io/badge/Emacs-%237F5AB6.svg?&style=for-the-badge&logo=gnu-emacs&logoColor=white,emacs
d36c3cfc-365f-4d72-9185-a65116e76bca,https://img.shields.io/badge/GoLand-0f0f0f?&style=for-the-badge&logo=goland&logoColor=white,goland
9acea856-1031-4800-bf0f-d8e744555815,https://img.shields.io/badge/IntelliJIDEA-000000.svg?style=for-the-badge&logo=intellij-idea&logoColor=white,intellijidea
8201a537-f6ce-455d-a91f-90eb90ea00ea,https://img.shields.io/badge/jupyter-%23FA0F00.svg?style=for-the-badge&logo=jupyter&logoColor=white,jupyternotebook
e8cb1a05-c374-4a27-8f9b-c4f6cab93a34,https://img.shields.io/badge/NeoVim-%2357A143.svg?&style=for-the-badge&logo=neovim&logoColor=white,neovim
d803d490-41ef-48d9-919a-4d341f2900a0,https://img.shields.io/badge/NetBeansIDE-1B6AC6.svg?style=for-the-badge&logo=apache-netbeans-ide&logoColor=white,netbeanside
73782ce1-fa11-4d52-9b5f-099b94dcde82,https://img.shields.io/badge/Notepad++-90E59A.svg?style=for-the-badge&logo=notepad%2b%2b&logoColor=black,notepad++
0a74a322-7623-4222-a581-b37543af8a0e,https://img.shields.io/badge/Obsidian-%23483699.svg?style=for-the-badge&logo=obsidian&logoColor=white,obsidian
4622fb43-e11f-4722-a401-00044350b2ce,https://img.shields.io/badge/p5.js-ED225D?style=for-the-badge&logo=p5.js&logoColor=FFFFFF,p5jseditor
88fbff3e-4dce-462a-8bd5-81b98c166f60,https://img.shields.io/badge/phpstorm-143?style=for-the-badge&logo=phpstorm&logoColor=black&color=black&labelColor=darkorchid,phpstorm
df7b1440-d5eb-421b-ab06-d38deb5439d9,https://img.shields.io/badge/pycharm-143?style=for-the-badge&logo=pycharm&logoColor=black&color=black&labelColor=green,pycharm
17d4449f-f9d0-4e1f-898d-ae0468ecc093,https://img.shields.io/badge/Replit-DD1200?style=for-the-badge&logo=Replit&logoColor=white,replit
2185ef57-5cdc-4d44-a114-0918a58bc329,https://img.shields.io/badge/Rider-000000.svg?style=for-the-badge&logo=Rider&logoColor=white&color=black&labelColor=crimson,rider
36b9ec46-7ac4-4930-9f20-6d9565053c66,https://img.shields.io/badge/RStudio-4285F4?style=for-the-badge&logo=rstudio&logoColor=white,rstudio
f8eadac3-4214-4e65-b74f-ba23225dcb98,https://img.shields.io/badge/Spyder-838485?style=for-the-badge&logo=spyder%20ide&logoColor=maroon,spyder
8fa80057-b924-47e7-831d-943215e23a14,https://img.shields.io/badge/sublime_text-%23575757.svg?style=for-the-badge&logo=sublime-text&logoColor=important,sublimetext
13ed3188-0139-4db4-9da4-b94a27b35917,https://img.shields.io/badge/VIM-%2311AB00.svg?style=for-the-badge&logo=vim&logoColor=white,vim
0d1884e5-0219-4a68-8561-4e1b0e5bd570,https://img.shields.io/badge/Visual%20Studio%20Code-0078d7.svg?style=for-the-badge&logo=visual-studio-code&logoColor=white,visualstudio code
2dadc387-a413-4b26-b124-09fbc6ace373,https://img.shields.io/badge/VS%20Code%20Insiders-35b393.svg?style=for-the-badge&logo=visual-studio-code&logoColor=white,vscode insiders
8efc2858-c84a-4ce7-b209-65d6e62bb419,https://img.shields.io/badge/Visual%20Studio-5C2D91.svg?style=for-the-badge&logo=visual-studio&logoColor=white,visualstudio
aae6a676-fd0d-4b1e-b4b2-3f67c2ef8ea8,https://img.shields.io/badge/webstorm-143?style=for-the-badge&logo=webstorm&logoColor=white&color=black,webstorm
216ba070-73df-46aa-a0e8-7837bc7d4712,https://img.shields.io/badge/Xcode-007ACC?style=for-the-badge&logo=Xcode&logoColor=white,xcode
87334eca-44a0-4cd9-b240-c75ae8bd6d11,https://img.shields.io/badge/Zend-fff?style=for-the-badge&logo=zend&logoColor=0679EA,zend
2c035999-b8ae-4c17-8eb9-58bbf3f42973,https://img.shields.io/badge/Apache%20Groovy-4298B8.svg?style=for-the-badge&logo=Apache+Groovy&logoColor=white,apachegroovy
d37df296-b7ab-4c8c-bb7d-bbe0446a8dd8,https://img.shields.io/badge/c-%2300599C.svg?style=for-the-badge&logo=c&logoColor=white,c
722538ad-eb2b-438e-9930-ce7e2d6052e1,https://img.shields.io/badge/c%23-%23239120.svg?style=for-the-badge&logo=c-sharp&logoColor=white,c#
20fc2603-64ca-432b-90e8-4874e209c752,https://img.shields.io/badge/c++-%2300599C.svg?style=for-the-badge&logo=c%2B%2B&logoColor=white,c++
ca9cd84e-40b3-4db0-9f2b-f53dfad9c765,https://img.shields.io/badge/Clojure-%23Clojure.svg?style=for-the-badge&logo=Clojure&logoColor=Clojure,clojure
516047ac-e07e-4af1-a66d-cf5c27d8d813,https://img.shields.io/badge/crystal-%23000000.svg?style=for-the-badge&logo=crystal&logoColor=white,crystal
6fb9a660-8401-4dc7-a204-4dc88d334b53,https://img.shields.io/badge/css3-%231572B6.svg?style=for-the-badge&logo=css3&logoColor=white,css3
91997302-73c9-4031-b303-f86030ac11e6,https://img.shields.io/badge/dart-%230175C2.svg?style=for-the-badge&logo=dart&logoColor=white,dart
0665a63f-99b9-4fb6-93ce-6920aead4b8b,https://img.shields.io/badge/elixir-%234B275F.svg?style=for-the-badge&logo=elixir&logoColor=white,elixir
f2f47245-87b0-4d7b-9f78-bf122e1104f2,https://img.shields.io/badge/Elm-60B5CC?style=for-the-badge&logo=elm&logoColor=white,elm
5865d41e-184b-435f-9b98-bc97e1cf1683,https://img.shields.io/badge/Erlang-white.svg?style=for-the-badge&logo=erlang&logoColor=a90533,erlang
58dc8678-08c3-425c-9d53-4837b7101620,https://img.shields.io/badge/Fortran-%23734F96.svg?style=for-the-badge&logo=fortran&logoColor=white,fortran
0141f1b7-13d3-4255-8722-dfdd24437725,https://img.shields.io/badge/go-%2300ADD8.svg?style=for-the-badge&logo=go&logoColor=white,go
f243b07f-50cb-437f-9708-01643ff45a04,https://img.shields.io/badge/-GraphQL-E10098?style=for-the-badge&logo=graphql&logoColor=white,graphql
d673cbc0-8725-4c07-85a7-17ad2c532e7c,https://img.shields.io/badge/Haskell-5e5086?style=for-the-badge&logo=haskell&logoColor=white,haskell
3f969ecb-ff38-42a9-84bd-e35dad182078,https://img.shields.io/badge/html5-%23E34F26.svg?style=for-the-badge&logo=html5&logoColor=white,html5
b317f8ac-197d-4e14-9add-95a6f79e4600,https://img.shields.io/badge/java-%23ED8B00.svg?style=for-the-badge&logo=java&logoColor=white,java
2b436a1f-8fda-4996-8f42-ab0800418799,https://img.shields.io/badge/javascript-%23323330.svg?style=for-the-badge&logo=javascript&logoColor=%23F7DF1E,javascript
df40d2d1-6356-4589-ae46-82a635f605d3,https://img.shields.io/badge/-Julia-9558B2?style=for-the-badge&logo=julia&logoColor=white,julia
99bb7183-9796-4758-bea9-5e004f821778,https://img.shields.io/badge/kotlin-%237F52FF.svg?style=for-the-badge&logo=kotlin&logoColor=white,kotlin
75a0c264-f21b-41d0-8ea5-b79d14605906,https://img.shields.io/badge/latex-%23008080.svg?style=for-the-badge&logo=latex&logoColor=white,latex
dde9fe9b-97a5-4dc6-9f7e-e267fdabb362,https://img.shields.io/badge/lua-%232C2D72.svg?style=for-the-badge&logo=lua&logoColor=white,lua
5c602bbc-dd63-4da0-8eac-802ac5cdfad3,https://img.shields.io/badge/markdown-%23000000.svg?style=for-the-badge&logo=markdown&logoColor=white,markdown
f112bb4c-eba1-4d6d-bc3c-03a6d5dc1708,https://img.shields.io/badge/nim-%23FFE953.svg?style=for-the-badge&logo=nim&logoColor=white,nim
db5dd2ad-b3cd-4bea-a22a-08202d5992f1,https://img.shields.io/badge/OCTAVE-darkblue?style=for-the-badge&logo=octave&logoColor=fcd683,octave
ee441822-7757-4eac-b533-ba31503b8276,https://img.shields.io/badge/orgmode-%2377AA99.svg?style=for-the-badge&logo=org&logoColor=white,orgmode
6f534621-c234-4f2e-9d64-fce957b704a3,https://img.shields.io/badge/perl-%2339457E.svg?style=for-the-badge&logo=perl&logoColor=white,perl
9773a18b-7345-43b3-ae1d-8d705d1d9f1a,https://img.shields.io/badge/php-%23777BB4.svg?style=for-the-badge&logo=php&logoColor=white,php
792089d8-87d4-4cab-8d5a-1674469732d7,https://img.shields.io/badge/PowerShell-%235391FE.svg?style=for-the-badge&logo=powershell&logoColor=white,powershell
b2cb3f45-c1bf-4b6e-a700-a8eafaed1b17,https://img.shields.io/badge/python-3670A0?style=for-the-badge&logo=python&logoColor=ffdd54,python
0f8defb6-2101-4d0b-af18-188e25c21475,https://img.shields.io/badge/r-%23276DC3.svg?style=for-the-badge&logo=r&logoColor=white,r
219d8f6d-59bc-430e-8148-1fa78f293baf,https://img.shields.io/badge/rescript-%2314162c?style=for-the-badge&logo=rescript&logoColor=e34c4c,rescript
d61e18f2-f4ab-40cd-a797-cf39e2e40141,https://img.shields.io/badge/ruby-%23CC342D.svg?style=for-the-badge&logo=ruby&logoColor=white,ruby
cb2c4d33-396a-47f9-ac73-aa6c9b0bcbb9,https://img.shields.io/badge/rust-%23000000.svg?style=for-the-badge&logo=rust&logoColor=white,rust
d39c4677-2f39-4eb5-acdd-458638454174,https://img.shields.io/badge/scala-%23DC322F.svg?style=for-the-badge&logo=scala&logoColor=white,scala
c99ca478-a9c0-468c-82e5-a30aefd39c7b,https://img.shields.io/badge/shell_script-%23121011.svg?style=for-the-badge&logo=gnu-bash&logoColor=white,shellscript
f0b7fbc6-dddf-4f3c-90ed-136d12d2a4c0,https://img.shields.io/badge/Solidity-%23363636.svg?style=for-the-badge&logo=solidity&logoColor=white,solidity
20cb2302-727a-44be-8dfc-433f3ecf646b,https://img.shields.io/badge/swift-F54A2A?style=for-the-badge&logo=swift&logoColor=white,swift
9547ba4c-6f41-429f-8ce8-e94d9f0d5820,https://img.shields.io/badge/typescript-%23007ACC.svg?style=for-the-badge&logo=typescript&logoColor=white,typescript
abea8ac1-53b0-47de-950c-2f2f7845626f,https://img.shields.io/badge/Windows%20Terminal-%234D4D4D.svg?style=for-the-badge&logo=windows-terminal&logoColor=white,windowsterminal
6fc48b88-30f2-45de-88d8-c3020c44f704,https://img.shields.io/badge/Zig-%23F7A41D.svg?style=for-the-badge&logo=zig&logoColor=white,zig
50d2069f-8732-43ae-a511-d24fe837a968,https://img.shields.io/badge/Keras-%23D00000.svg?style=for-the-badge&logo=Keras&logoColor=white,keras
4dbca07f-fa3e-459b-865b-74ccee284512,https://img.shields.io/badge/Matplotlib-%23ffffff.svg?style=for-the-badge&logo=Matplotlib&logoColor=black,matplotlib
914daf01-928d-4d79-bfbf-8eac14cb027a,https://img.shields.io/badge/mlflow-%23d9ead3.svg?style=for-the-badge&logo=numpy&logoColor=blue,mlflow
0b26b839-5102-44c2-90ac-901bf671b57c,https://img.shields.io/badge/numpy-%23013243.svg?style=for-the-badge&logo=numpy&logoColor=white,numpy
0509f236-e1e9-4002-b9b3-864dcb985407,https://img.shields.io/badge/pandas-%23150458.svg?style=for-the-badge&logo=pandas&logoColor=white,pandas
c2d88dd4-475b-498d-8e5f-66741f3c8951,https://img.shields.io/badge/Plotly-%233F4F75.svg?style=for-the-badge&logo=plotly&logoColor=white,plotly
14589856-7835-4b7f-b20e-5200b0a5f2ee,https://img.shields.io/badge/PyTorch-%23EE4C2C.svg?style=for-the-badge&logo=PyTorch&logoColor=white,pytorch
ab01ddce-ffb0-462b-97fb-1b10361334a4,https://img.shields.io/badge/scikit--learn-%23F7931E.svg?style=for-the-badge&logo=scikit-learn&logoColor=white,scikit-learn
4f5acc5a-2476-4789-8670-45519ed061c7,https://img.shields.io/badge/SciPy-%230C55A5.svg?style=for-the-badge&logo=scipy&logoColor=%white,scipy
0c994c33-f204-40c7-b4e0-02d4d8b309ad,https://img.shields.io/badge/TensorFlow-%23FF6F00.svg?style=for-the-badge&logo=TensorFlow&logoColor=white,tensorflow
cb88bba8-97e2-4e74-bace-496c75d9dd06,https://img.shields.io/badge/Apple_Music-9933CC?style=for-the-badge&logo=apple-music&logoColor=white,applemusic
ae232f9d-1cd0-4112-819c-11d24be8b318,https://img.shields.io/badge/Audacity-0000CC?style=for-the-badge&logo=audacity&logoColor=white,audacity
05265a9f-7b5b-4cb7-a61b-cc08ccd795e9,https://img.shields.io/badge/Deezer-FEAA2D?style=for-the-badge&logo=deezer&logoColor=white,deezer
65ee75a0-709e-4dba-bc59-21052d5a1a76,https://img.shields.io/badge/sound%20cloud-FF5500?style=for-the-badge&logo=soundcloud&logoColor=white,soundcloud
f8c0e496-0650-4b7e-ab24-d0f8ebbd1576,https://img.shields.io/badge/Spotify-1ED760?style=for-the-badge&logo=spotify&logoColor=white,spotify
69454dd0-e653-484c-8538-da236084b5a2,https://img.shields.io/badge/shazam-1476FE?style=for-the-badge&logo=shazam&logoColor=white,shazam
227289bc-d612-4a43-9897-0be456eef22c,https://img.shields.io/badge/tidal-00FFFF?style=for-the-badge&logo=tidal&logoColor=black,tidal
b14eca63-036e-42c0-9104-ed78bc267a4b,https://img.shields.io/badge/YouTube_Music-FF0000?style=for-the-badge&logo=youtube-music&logoColor=white,youtubemusic
e01b3505-b72a-4128-a2b0-48b5d4c703a0,https://img.shields.io/badge/LibreOffice-%2318A303?style=for-the-badge&logo=LibreOffice&logoColor=white,libreoffice
0953e3b6-1d12-4e0a-b70f-32e244ae9bb8,https://img.shields.io/badge/Microsoft-0078D4?style=for-the-badge&logo=microsoft&logoColor=white,microsoft
dcbf4185-d76e-4b76-8f0d-4fc78d2cab64,https://img.shields.io/badge/Microsoft_Access-A4373A?style=for-the-badge&logo=microsoft-access&logoColor=white,microsoftaccess
9d4ec330-6dd3-461b-9d02-19759eda7b6a,https://img.shields.io/badge/Microsoft_Excel-217346?style=for-the-badge&logo=microsoft-excel&logoColor=white,microsoftexcel
a45e5608-4610-453f-8e14-f8d09980cdde,https://img.shields.io/badge/Microsoft_Office-D83B01?style=for-the-badge&logo=microsoft-office&logoColor=white,microsoftoffice
e5636b03-2831-4781-af95-edde91c1cd63,https://img.shields.io/badge/Microsoft_PowerPoint-B7472A?style=for-the-badge&logo=microsoft-powerpoint&logoColor=white,microsoftpowerpoint
36183163-cdab-41ec-aa83-1c44a97c1bab,https://img.shields.io/badge/Microsoft_SharePoint-0078D4?style=for-the-badge&logo=microsoft-sharepoint&logoColor=white,"microsoftsharepoint "
a5f1ffa4-a108-4f45-ad99-4a50d31821d6,https://img.shields.io/badge/Microsoft_Visio-3955A3?style=for-the-badge&logo=microsoft-visio&logoColor=white,"microsoftvisio "
91690846-6f22-4ee8-b0ff-dbfecf62c9e7,https://img.shields.io/badge/Microsoft_Word-2B579A?style=for-the-badge&logo=microsoft-word&logoColor=white,microsoftword
17379c25-684f-4565-871a-6dc726b49f41,https://img.shields.io/badge/Alpine_Linux-%230D597F.svg?style=for-the-badge&logo=alpine-linux&logoColor=white,alpinelinux
c42e0f26-5915-4d0d-a343-78d72a419e6f,https://img.shields.io/badge/Android-3DDC84?style=for-the-badge&logo=android&logoColor=white,android
976690c1-d3c7-4842-97be-44cdd199018c,https://img.shields.io/badge/Arch%20Linux-1793D1?logo=arch-linux&logoColor=fff&style=for-the-badge,arch
a4210b13-b056-472f-9edd-ab62232a4d4d,https://img.shields.io/badge/cent%20os-002260?style=for-the-badge&logo=centos&logoColor=F0F0F0,centos
b429baa5-1cbb-41f3-b4dc-b6716e2a326e,https://img.shields.io/badge/chrome%20os-3d89fc?style=for-the-badge&logo=google%20chrome&logoColor=white,chromeos
fb76b516-dfaa-4a90-a6c2-540cb2536781,https://img.shields.io/badge/Debian-D70A53?style=for-the-badge&logo=debian&logoColor=white,debian
0ccbfa9e-b91b-420b-b53e-f8a7768884d7,https://img.shields.io/badge/Deepin-007CFF?style=for-the-badge&logo=deepin&logoColor=white,deepin
576b8f14-9c09-4c68-b982-a4d9b2b316a1,https://img.shields.io/badge/-elementary%20OS-black?style=for-the-badge&logo=elementary&logoColor=white,elementaryos
46bafe59-ffaa-4bbb-8610-0c84aa6e2a0d,https://img.shields.io/badge/Fedora-294172?style=for-the-badge&logo=fedora&logoColor=white,fedora
037eb0e7-13fa-4616-834b-937700744c25,https://img.shields.io/badge/-FreeBSD-%23870000?style=for-the-badge&logo=freebsd&logoColor=white,freebsd
99c0393a-2384-41a2-9d2a-26e51d0ed0ce,https://img.shields.io/badge/iOS-000000?style=for-the-badge&logo=ios&logoColor=white,ios
8eb5765a-9b18-42d1-aae7-d21a9ebcd466,https://img.shields.io/badge/Kali-268BEE?style=for-the-badge&logo=kalilinux&logoColor=white,kali
0544715a-d3e7-42ec-84b5-a63d82ff67e6,https://img.shields.io/badge/-KUbuntu-%230079C1?style=for-the-badge&logo=kubuntu&logoColor=white,kubuntu
16cd7698-6330-4637-865c-97ecb3a2ec76,https://img.shields.io/badge/Linux-FCC624?style=for-the-badge&logo=linux&logoColor=black,linux
3b1da7dd-4a50-47aa-88cb-5d45c7bf066b,https://img.shields.io/badge/Linux%20Mint-87CF3E?style=for-the-badge&logo=Linux%20Mint&logoColor=white,linuxmint
88174d92-1248-4c30-ba18-4369b843da7d,https://img.shields.io/badge/-Lubuntu-%230065C2?style=for-the-badge&logo=lubuntu&logoColor=white,lubuntu
f7311ee2-d62a-4735-a4f2-7c7fc50383d1,https://img.shields.io/badge/lineageos-167C80?style=for-the-badge&logo=lineageos&logoColor=white,lineageos
9354336b-2cdf-4187-a620-d43f701b5be9,https://img.shields.io/badge/Manjaro-35BF5C?style=for-the-badge&logo=Manjaro&logoColor=white,manjaro
217e4e7a-a3c0-4ad6-b522-4cdc537cb61a,https://img.shields.io/badge/-MX%20Linux-%23000000?style=for-the-badge&logo=MXlinux&logoColor=white,mxlinux
7ba2c061-3f9b-481f-84af-78b5d4ca4eac,https://img.shields.io/badge/mac%20os-000000?style=for-the-badge&logo=macos&logoColor=F0F0F0,macos
66905cce-a212-40df-9546-5f08fe1cc699,https://img.shields.io/badge/OpenWRT-00B5E2?style=for-the-badge&logo=OpenWrt&logoColor=white,openwrt
3f877f2e-32fb-4397-8f70-5ccd53f0a71e,https://img.shields.io/badge/-OpenBSD-%23FCC771?style=for-the-badge&logo=openbsd&logoColor=black,openbsd
ac724905-bfe0-4f4e-91dd-0f3fa868c646,https://img.shields.io/badge/openSUSE-%2364B345?style=for-the-badge&logo=openSUSE&logoColor=white,opensuse
4936aab2-000f-49ce-bf70-821875e12515,https://img.shields.io/badge/Pop!_OS-48B9C7?style=for-the-badge&logo=Pop!_OS&logoColor=white,pop!\_os
5de7ba7f-ba50-492e-b60e-a004b5b1c24e,https://img.shields.io/badge/Red%20Hat-EE0000?style=for-the-badge&logo=redhat&logoColor=white,redhat
370a54ba-7534-4bb6-86e0-393d517e41ce,https://img.shields.io/badge/-Rocky%20Linux-%2310B981?style=for-the-badge&logo=rockylinux&logoColor=white,rockylinux
997345b5-db06-4fad-bb16-8fb4b20b4e86,https://img.shields.io/badge/Solus-%23f2f2f2.svg?style=for-the-badge&logo=solus&logoColor=5294E2,solus
847f852f-664c-4ca5-a0a8-eb6ee9740461,https://img.shields.io/badge/SUSE-0C322C?style=for-the-badge&logo=SUSE&logoColor=white,suse
099e5936-2a4f-425f-9dc4-31697b765f92,https://img.shields.io/badge/-Slackware-%231357BD?style=for-the-badge&logo=slackware&logoColor=white,slackware
44aa8cec-f6e5-40bd-938c-a1f3a3078f7e,https://img.shields.io/badge/Tails%20-56347C?&style=for-the-badge&logo=tails&logoColor=white,tails
348f63ba-8924-4713-a5a5-6e5dcc188dd9,https://img.shields.io/badge/Ubuntu-E95420?style=for-the-badge&logo=ubuntu&logoColor=white,ubuntu
b26e4913-955e-4c86-8b23-6cb8df5b49d7,https://img.shields.io/badge/unraid-%23F15A2C.svg?style=for-the-badge&logo=unraid&logoColor=white,unraid
1e1b9b40-627c-4614-be09-20bff994b968,https://img.shields.io/badge/-Wear%20OS-4285F4?style=for-the-badge&logo=wear-os&logoColor=white,wearos
e03f77a0-bc18-4cd7-8f77-93363a51110b,https://img.shields.io/badge/Windows-0078D6?style=for-the-badge&logo=windows&logoColor=white,windows
fb8c3701-16bf-44a9-be4d-131fa315daa2,https://img.shields.io/badge/Windows%2011-%230079d5.svg?style=for-the-badge&logo=Windows%2011&logoColor=white,windows11
efceeb55-31ac-4208-8f14-21ccbb8a5222,https://img.shields.io/badge/Windows%2095-008484?style=for-the-badge&logo=windows95&logoColor=white,windows95
8df1e897-de12-4cd1-8540-0b5e963474cf,https://img.shields.io/badge/Windows%20xp-003399?style=for-the-badge&logo=windowsxp&logoColor=white,windowsxp
0e994997-7eeb-482b-bbd8-c75e7f479d1f,https://img.shields.io/badge/-Zorin%20OS-%2310AAEB?style=for-the-badge&logo=zorin&logoColor=white,zorinos
35f0344f-12c2-40f2-b9f0-9c487232ce54,https://img.shields.io/badge/Prisma-3982CE?style=for-the-badge&logo=Prisma&logoColor=white,prisma
1ec00078-2837-4c34-b911-f8dcd82a2415,https://img.shields.io/badge/Sequelize-52B0E7?style=for-the-badge&logo=Sequelize&logoColor=white,sequelize
236c4c82-bcce-4e0f-85d8-2e02d0250cd0,https://img.shields.io/badge/Airbnb-%23ff5a5f.svg?style=for-the-badge&logo=Airbnb&logoColor=white,airbnb
95759c26-9a46-43d4-9d27-60f273ac7ba6,https://img.shields.io/badge/alfred-%235C1F87.svg?style=for-the-badge&logo=alfred,alfred
f3127c91-8e88-4b4b-bd11-73064159ceb9,https://img.shields.io/badge/ansible-%231A1918.svg?style=for-the-badge&logo=ansible&logoColor=white,ansible
ffad804f-7b39-492b-8c7a-569cff0389f5,https://img.shields.io/badge/aqua-%231904DA.svg?style=for-the-badge&logo=aqua&logoColor=#0018A8,aquasec
3b6475d5-5499-46fd-b571-11f978f51d4d,https://img.shields.io/badge/-Arduino-00979D?style=for-the-badge&logo=Arduino&logoColor=white,arduino
1733077d-e0ab-4d79-9411-7dcf1a4ddc58,https://img.shields.io/badge/Babel-F9DC3e?style=for-the-badge&logo=babel&logoColor=black,babel
956364ef-06e3-4941-873e-8ee106494bc6,https://img.shields.io/badge/bitwarden-%23175DDC.svg?style=for-the-badge&logo=bitwarden&logoColor=white,bitwarden
07f1c8fd-7e0f-4e2f-a0b5-de32d17bcfab,https://img.shields.io/badge/CMake-%23008FBA.svg?style=for-the-badge&logo=cmake&logoColor=white,cmake
0c57954b-53ac-41b0-8752-f3dd1248aeea,https://img.shields.io/badge/codecov-%23ff0077.svg?style=for-the-badge&logo=codecov&logoColor=white,codecov
bae5eff9-9886-4058-bb40-8434018f5dfa,https://img.shields.io/badge/confluence-%23172BF4.svg?style=for-the-badge&logo=confluence&logoColor=white,confluence
61510b7a-a1ba-43b9-ad6d-b7feb0c8e599,https://img.shields.io/badge/docker-%230db7ed.svg?style=for-the-badge&logo=docker&logoColor=white,docker
f97842c0-d7af-4593-ad09-63a4484d9a94,https://img.shields.io/badge/ESLint-4B3263?style=for-the-badge&logo=eslint&logoColor=white,eslint
11c94a95-e02b-4173-a8ed-2b05711aeec3,https://img.shields.io/badge/-ElasticSearch-005571?style=for-the-badge&logo=elasticsearch,elasticsearch
cf160a76-082c-48c3-a02c-d4c300215f89,https://img.shields.io/badge/Gradle-02303A.svg?style=for-the-badge&logo=Gradle&logoColor=white,gradle
a3fc4440-0484-4e79-bbd6-d752d34bdbf4,https://img.shields.io/badge/grafana-%23F46800.svg?style=for-the-badge&logo=grafana&logoColor=white,grafana
d332280f-bfec-4c5b-a1f6-c8b6a7e9c3e7,https://img.shields.io/badge/home%20assistant-%2341BDF5.svg?style=for-the-badge&logo=home-assistant&logoColor=white,homeassistant
2faa265f-0e00-4ec4-b423-a4b5249a1650,https://img.shields.io/badge/homebridge-%23491F59.svg?style=for-the-badge&logo=homebridge&logoColor=white,homebridge
1fd27135-a256-43e2-aaaa-c07e5ce2af7f,https://img.shields.io/badge/jellyfin-%23000B25.svg?style=for-the-badge&logo=Jellyfin&logoColor=00A4DC,jellyfin
3ed87de0-0493-4033-adcb-bf3f74e9c6ab,https://img.shields.io/badge/jira-%230A0FFF.svg?style=for-the-badge&logo=jira&logoColor=white,jira
2ccc01da-aeb7-4290-a369-9f2eb63f65ad,https://img.shields.io/badge/kubernetes-%23326ce5.svg?style=for-the-badge&logo=kubernetes&logoColor=white,kubernetes
c71d373a-c7af-4e0b-9384-2b0744b658de,https://img.shields.io/badge/mosquitto-%233C5280.svg?style=for-the-badge&logo=eclipsemosquitto&logoColor=white,mosquitto
bd823854-e7c3-4673-8f85-00ffee41f3d3,https://img.shields.io/badge/Notion-%23000000.svg?style=for-the-badge&logo=notion&logoColor=white,notion
e6db0bf3-5c41-4c07-b37c-80f04787fa85,https://img.shields.io/badge/OpenSea-%232081E2.svg?style=for-the-badge&logo=opensea&logoColor=white,opensea
33dfa4f2-6bb8-4c0f-a4a6-3bb0c7df64e3,https://img.shields.io/badge/packer-%23E7EEF0.svg?style=for-the-badge&logo=packer&logoColor=%2302A8EF,packer
0e2059d8-1766-43d6-a39d-5897647c414f,https://img.shields.io/badge/pihole-%2396060C.svg?style=for-the-badge&logo=pi-hole&logoColor=white,pi-hole
f04c0439-18f0-4951-902f-6be191f6f418,https://img.shields.io/badge/plex-%23E5A00D.svg?style=for-the-badge&logo=plex&logoColor=white,plex
0e65d7e8-bb19-4e57-a10b-a00521fc0fd7,https://img.shields.io/badge/Portfolio-%23000000.svg?style=for-the-badge&logo=firefox&logoColor=#FF7139,portfolio
175ca447-0bfb-4301-9578-570b9f002ec5,https://img.shields.io/badge/Postman-FF6C37?style=for-the-badge&logo=postman&logoColor=white,postman
81598bff-c528-419d-ba3e-94358bba2772,https://img.shields.io/badge/power_bi-F2C811?style=for-the-badge&logo=powerbi&logoColor=black,powerbi
1b7273d3-589f-40d4-936c-3ba45f417fef,https://img.shields.io/badge/Prezi-%23000000.svg?style=for-the-badge&logo=Prezi&logoColor=white,prezi
f4610b20-d191-4981-9a4a-8d02ad6c6360,https://img.shields.io/badge/Prometheus-E6522C?style=for-the-badge&logo=Prometheus&logoColor=white,prometheus
4db3852a-9716-48d2-b73b-27e295c8155f,https://img.shields.io/badge/rancher-%230075A8.svg?style=for-the-badge&logo=rancher&logoColor=white,rancher
d8f8ed25-6b10-4bce-a647-763b7c91dc75,https://img.shields.io/badge/-RaspberryPi-C51A4A?style=for-the-badge&logo=Raspberry-Pi,raspberrypi
f51ff58d-bad8-43f7-9e52-3c6fed4bc16d,https://img.shields.io/badge/splunk-%23000000.svg?style=for-the-badge&logo=splunk&logoColor=white,splunk
2fd26d0d-c4a1-4eaa-a80b-b15047d766b8,https://img.shields.io/badge/-Swagger-%23Clojure?style=for-the-badge&logo=swagger&logoColor=white,swagger
178a8a57-e957-477f-b414-341e7b123d65,https://img.shields.io/badge/tor-%237E4798.svg?style=for-the-badge&logo=tor-project&logoColor=white,tor
a0b7944f-421e-422e-9cdc-beb1105692ba,https://img.shields.io/badge/terraform-%235835CC.svg?style=for-the-badge&logo=terraform&logoColor=white,terraform
640cd266-54bd-402e-b5e0-c6c67cc36fda,https://img.shields.io/badge/Trello-%23026AA7.svg?style=for-the-badge&logo=Trello&logoColor=white,trello
5d0f6ec8-c16d-4b62-b04d-f2b53cd4ed92,https://img.shields.io/badge/Uber-%23000000.svg?style=for-the-badge&logo=Uber&logoColor=white,uber
5cfa3994-4832-45d4-8ccd-c280171e9413,https://img.shields.io/badge/ubiquiti-%230559C9.svg?style=for-the-badge&logo=ubiquiti&logoColor=white,ubiquiti
5939ec56-b7fe-4729-a74d-0df69af4683b,https://img.shields.io/badge/vagrant-%231563FF.svg?style=for-the-badge&logo=vagrant&logoColor=white,vagrant
6c47bdf2-5a39-4371-b300-9b2c3447e445,https://img.shields.io/badge/wireguard-%2388171A.svg?style=for-the-badge&logo=wireguard&logoColor=white,wireguard
11159180-719e-4e1a-a58a-5437bd07be19,https://img.shields.io/badge/XFCE-%232284F2.svg?style=for-the-badge&logo=xfce&logoColor=white,xfce
cdfa1c56-4bdf-415f-8021-be37ed2bdde1,https://img.shields.io/badge/zigbee-%23EB0443.svg?style=for-the-badge&logo=zigbee&logoColor=white,zigbee
70be4ec2-d894-46ca-9421-4a13decbc9c1,https://img.shields.io/badge/Qiskit-%236929C4.svg?style=for-the-badge&logo=Qiskit&logoColor=white,qiskit
c95c63e3-67b7-4d38-b245-4f99678ed504,https://img.shields.io/badge/Baidu-2932E1?style=for-the-badge&logo=Baidu&logoColor=white,baidu
b9cee3a0-45b5-43ba-9793-f1457b30e7f2,https://img.shields.io/badge/Microsoft%20Bing-258FFA?style=for-the-badge&logo=Microsoft%20Bing&logoColor=white,bing
5c5f3091-a8ea-4728-88d7-45c3064cfa8c,https://img.shields.io/badge/DuckDuckGo-DE5833?style=for-the-badge&logo=DuckDuckGo&logoColor=white,duckduckgo
7ca9a6e1-41d6-46a0-a77a-ca2d99611568,https://img.shields.io/badge/google-4285F4?style=for-the-badge&logo=google&logoColor=white,google
41a7a8da-114c-4954-81e7-41b3ac7b1193,https://img.shields.io/badge/Yahoo!-6001D2?style=for-the-badge&logo=Yahoo!&logoColor=white,yahoo!
aa2c2f16-965d-4a1f-93bb-bfc849943914,https://img.shields.io/badge/apache-%23D42029.svg?style=for-the-badge&logo=apache&logoColor=white,apache
a00d53f1-d69c-4ff2-99ac-b6f105865b87,https://img.shields.io/badge/Apache%20Airflow-017CEE?style=for-the-badge&logo=Apache%20Airflow&logoColor=white,apacheairflow
835f8eda-c6b4-4aa7-9dd3-7330b4af8b35,https://img.shields.io/badge/Apache%20Ant-A81C7D?style=for-the-badge&logo=Apache%20Ant&logoColor=white,apacheant
3343ad36-2fc6-4596-927a-b4c52fa30c2d,https://img.shields.io/badge/Apache%20Flink-E6526F?style=for-the-badge&logo=Apache%20Flink&logoColor=white,apacheflink
f2a1ab7c-eb4a-4b6c-ba70-9267c7172c0a,https://img.shields.io/badge/Apache%20Maven-C71A36?style=for-the-badge&logo=Apache%20Maven&logoColor=white,apachemaven
1caa5a0c-a034-4901-b0de-0ee7427ba301,https://img.shields.io/badge/apache%20tomcat-%23F8DC75.svg?style=for-the-badge&logo=apache-tomcat&logoColor=black,apachetomcat
c5819e3e-54ce-4790-ae3b-18a2954155aa,https://img.shields.io/badge/gunicorn-%298729.svg?style=for-the-badge&logo=gunicorn&logoColor=white,gunicorn
001e1808-0e74-49ef-92b3-dc51f5958741,https://img.shields.io/badge/jenkins-%232C5263.svg?style=for-the-badge&logo=jenkins&logoColor=white,jenkins
17de3f29-f993-433d-8288-bf15f5eb31f4,https://img.shields.io/badge/nginx-%23009639.svg?style=for-the-badge&logo=nginx&logoColor=white,nginx
b1464160-4f1a-419a-a6ad-d10876b97280,https://img.shields.io/badge/Airtable-18BFFF?style=for-the-badge&logo=Airtable&logoColor=white,airtable
50ff2e34-a742-4600-81dd-d8b5c707e8f0,https://img.shields.io/badge/Discord-%235865F2.svg?style=for-the-badge&logo=discord&logoColor=white,discord
70e6529b-606f-43c4-8e56-d6816148b6e6,https://img.shields.io/badge/Facebook-%231877F2.svg?style=for-the-badge&logo=Facebook&logoColor=white,facebook
dd7019d0-58de-4412-8aef-1c0bc9fed90a,https://img.shields.io/badge/Gmail-D14836?style=for-the-badge&logo=gmail&logoColor=white,gmail
e848ce6d-e546-4b2d-b014-bfbc8e056d8e,https://img.shields.io/badge/Goodreads-F3F1EA?style=for-the-badge&logo=goodreads&logoColor=372213,goodreads
d0585b37-bb8f-4bd8-ba8a-c4ce75fc9b37,https://img.shields.io/badge/Google%20Meet-00897B?style=for-the-badge&logo=google-meet&logoColor=white,googlemeet
0668950a-61e3-4fae-81ae-fb6d7070e5ae,https://img.shields.io/badge/Instagram-%23E4405F.svg?style=for-the-badge&logo=Instagram&logoColor=white,instagram
6275fd73-21c1-4436-b9f0-f35d2a836989,https://img.shields.io/badge/kakaotalk-ffcd00.svg?style=for-the-badge&logo=kakaotalk&logoColor=000000,kakaotalk
f170a517-7599-4a1b-bd59-54af6d3912d5,https://img.shields.io/badge/Line-00C300?style=for-the-badge&logo=line&logoColor=white,line
b7d15018-23a6-4d13-b5a3-8faf49ea6bef,https://img.shields.io/badge/linkedin-%230077B5.svg?style=for-the-badge&logo=linkedin&logoColor=white,linkedin
2a3c5068-c486-4dca-93e1-64ca5e9f12cb,https://img.shields.io/badge/linktree-1de9b6?style=for-the-badge&logo=linktree&logoColor=white,linktree
09bbca48-4d10-4e60-a81d-1cb250c84019,https://img.shields.io/badge/Meetup-f64363?style=for-the-badge&logo=meetup&logoColor=white,meetup
49ed9de8-4f76-45ac-a43e-f287421cfe85,https://img.shields.io/badge/Messenger-00B2FF?style=for-the-badge&logo=messenger&logoColor=white,messenger
4908d90b-752f-4c9c-a411-d8f53dae36be,https://img.shields.io/badge/-MASTODON-%232B90D9?style=for-the-badge&logo=mastodon&logoColor=white,mastodon
9eab7374-ed02-40bf-a1f6-a31ffca40851,https://img.shields.io/badge/Microsoft_Outlook-0078D4?style=for-the-badge&logo=microsoft-outlook&logoColor=white,outlook
4bf3a89c-c073-4e0f-880d-46211b5cbe02,https://img.shields.io/badge/odysee-EF1970?style=for-the-badge&logo=Odysee&logoColor=white,odysee
0e43c7a3-6835-44fa-b6a3-8c3001e77a4c,https://img.shields.io/badge/Pinterest-%23E60023.svg?style=for-the-badge&logo=Pinterest&logoColor=white,pinterest
eb9ef228-0f46-4827-8d64-692846c53049,https://img.shields.io/badge/ProtonMail-8B89CC?style=for-the-badge&logo=protonmail&logoColor=white,protonmail
1556965d-7c76-4f87-abd8-501b844adf6e,https://img.shields.io/badge/Polywork-543DE0?style=for-the-badge&logo=polywork&logoColor=black,polywork
138fb642-88be-41d3-bf4c-fbab07f88791,https://img.shields.io/badge/Signal-%23039BE5.svg?style=for-the-badge&logo=Signal&logoColor=white,signal
4a8ee892-a7d8-4b96-abde-e847f7ddd8b3,https://img.shields.io/badge/Skype-%2300AFF0.svg?style=for-the-badge&logo=Skype&logoColor=white,skype
6f80fe6d-7910-4f03-bb98-a8761e693210,https://img.shields.io/badge/Slack-4A154B?style=for-the-badge&logo=slack&logoColor=white,slack
421b5b4c-624d-4858-8089-69cc587bed5f,https://img.shields.io/badge/Snapchat-%23FFFC00.svg?style=for-the-badge&logo=Snapchat&logoColor=white,snapchat
8168691e-db62-4613-8fe2-fe86a37a75ea,https://img.shields.io/badge/TeamSpeak-2580C3?style=for-the-badge&logo=teamspeak&logoColor=white,teamspeak
37ea5c4c-146d-4733-809b-02f19294a7b1,https://img.shields.io/badge/Telegram-2CA5E0?style=for-the-badge&logo=telegram&logoColor=white,telegram
dbb5aacb-4057-4052-9bd9-4d207362afa6,https://img.shields.io/badge/Tencent%23QQ-%2312B7F5?style=for-the-badge&logo=tencentqq&logoColor=white,tencentqq
f86b4f0d-ebf3-41a9-bd45-38570c094687,https://img.shields.io/badge/TikTok-%23000000.svg?style=for-the-badge&logo=TikTok&logoColor=white,tiktok
a950386c-cb64-4235-9d8c-15206d286721,https://img.shields.io/badge/Tumblr-%2336465D.svg?style=for-the-badge&logo=Tumblr&logoColor=white,tumblr
6c992461-9266-4379-9720-dc8475cab177,https://img.shields.io/badge/Tutanota-840010?style=for-the-badge&logo=Tutanota&logoColor=white,tutanota
d320c142-a105-4949-854e-232754f66fc7,https://img.shields.io/badge/Twitch-9347FF?style=for-the-badge&logo=twitch&logoColor=white,twitch
7bef97d1-f56a-41e0-8dce-0534c581c7a5,https://img.shields.io/badge/Twitter-%231DA1F2.svg?style=for-the-badge&logo=Twitter&logoColor=white,twitter
526ee9c9-1f38-40be-9394-49af02813c2a,https://img.shields.io/badge/Viber-8B66A9?style=for-the-badge&logo=viber&logoColor=white,viber
13dc2e62-4eab-4cc3-af44-bac3fb6e932f,https://img.shields.io/badge/WeChat-07C160?style=for-the-badge&logo=wechat&logoColor=white,wechat
1345715e-b759-4bfe-9733-09a00e28a212,https://img.shields.io/badge/WhatsApp-25D366?style=for-the-badge&logo=whatsapp&logoColor=white,whatsapp
0e6ab18b-b5c6-46ec-8534-b4b74dc3bafc,https://img.shields.io/badge/Wire-B71C1C?style=for-the-badge&logo=wire&logoColor=white,wire
6276e1f5-9edd-448d-81ab-dd81035880ac,https://img.shields.io/badge/xing-%23006567.svg?style=for-the-badge&logo=xing&logoColor=white,xing
908f24ab-54c3-4d87-a67c-ad023970620f,https://img.shields.io/badge/YouTube-%23FF0000.svg?style=for-the-badge&logo=YouTube&logoColor=white,youtube
63acaf1f-7905-4265-b402-0611b722f0da,https://img.shields.io/badge/Zoom-2D8CFF?style=for-the-badge&logo=zoom&logoColor=white,zoom
0c445984-6a4f-4ed5-8931-a91132e9d640,https://img.shields.io/badge/Apple-%23000000.svg?style=for-the-badge&logo=apple&logoColor=white,apple
bb07b151-7b26-44d7-8f81-989b56974bda,https://img.shields.io/badge/asus-000080.svg?style=for-the-badge&logo=asus&logoColor=white,asus
c3311ca9-0447-495f-a783-be6d835428a6,https://img.shields.io/badge/blackberry-808080.svg?style=for-the-badge&logo=blackberry&logoColor=white,blackberry
02868ca3-7b54-49f1-93ee-ef2876a929f8,https://img.shields.io/badge/Huawei-%23FF0000.svg?style=for-the-badge&logo=huawei&logoColor=white,huawei
73dfcc37-53a0-417e-a0ba-d93812bfb3cf,https://img.shields.io/badge/lenovo-E2231A?style=for-the-badge&logo=lenovo&logoColor=white,lenovo
a523b33d-867b-479c-a7c4-cb67a7ed1740,https://img.shields.io/badge/lg-a50034.svg?style=for-the-badge&logo=lg&logoColor=white,lg
b2ec3396-5ca9-40c2-81f9-f4bf93ec1819,https://img.shields.io/badge/OnePlus-%23F5010C.svg?style=for-the-badge&logo=oneplus&logoColor=white,oneplus
401b819b-b8ea-41fa-84ab-38dfce9cb991,https://img.shields.io/badge/Motorola-%23E1140A.svg?style=for-the-badge&logo=motorola&logoColor=white,motorola
6b977f06-5de8-40bd-a0ef-3e9c9f0841fe,https://img.shields.io/badge/Nokia-%23124191.svg?style=for-the-badge&logo=nokia&logoColor=white,nokia
5b0f640b-12e9-4be5-a342-601ebb051229,https://img.shields.io/badge/Samsung-%231428A0.svg?style=for-the-badge&logo=samsung&logoColor=white,samsung
8ec8c685-fd9f-4fbb-b38a-a37b5d2ef0c7,https://img.shields.io/badge/Xiaomi-%23FF6900.svg?style=for-the-badge&logo=xiaomi&logoColor=white,xiaomi
f7187f06-b6a3-4b16-aa9e-3ea7ef1abbd0,https://img.shields.io/badge/App_Store-0D96F6?style=for-the-badge&logo=app-store&logoColor=white,appstore
e7e86e60-a2d9-4026-8793-3b51530aca7e,https://img.shields.io/badge/F_Droid-1976D2?style=for-the-badge&logo=f-droid&logoColor=white,fdroid
94730e6e-0fe9-4fff-8560-7634c744a82b,https://img.shields.io/badge/Google_Play-414141?style=for-the-badge&logo=google-play&logoColor=white,playstore
185257fa-5015-4737-9dcb-e5666bf9f9f0,https://img.shields.io/badge/Amazon%20Prime-0F79AF?style=for-the-badge&logo=amazonprime&logoColor=white,amazonprime
551ae952-9134-4803-814c-29c388320aeb,https://img.shields.io/badge/Apple%20TV-000000?style=for-the-badge&logo=Apple%20TV&logoColor=white,appletv
1905cc00-2928-4e2c-8b77-adfb8dd126dc,https://img.shields.io/badge/Crunchyroll-F47521?style=for-the-badge&logo=crunchyroll&logoColor=white,crunchyroll
ae003a9f-ba2f-41fa-bace-9a50e855c48f,https://img.shields.io/badge/Facebook%20Gaming-015BE5?style=for-the-badge&logo=facebookgaming&logoColor=white,facebookgaming
92f2fa98-42e0-42cd-9a28-38ae0c01a3da,https://img.shields.io/badge/Facebook%20Live-ED4242?style=for-the-badge&logo=Facebook%20Live&logoColor=white,facebooklive
297ed9d9-566e-4be5-8002-7cb3ed48f876,https://img.shields.io/badge/fire%20tv-fc3b2d?style=for-the-badge&logo=amazon%20fire%20tv&logoColor=white,firetv
e95ddf81-2368-4571-894e-e61267275c30,https://img.shields.io/badge/hulu-1CE783?style=for-the-badge&logo=hulu&logoColor=white,hulu
7e0974c6-a098-4762-acc0-aeebde1c7a13,https://img.shields.io/badge/Netflix-E50914?style=for-the-badge&logo=netflix&logoColor=white,netflix
caf091f9-d308-4396-a742-fc60c0f98d91,https://img.shields.io/badge/roku-6f1ab1?style=for-the-badge&logo=roku&logoColor=white,roku
ec71d6c3-be47-41df-bac3-6a491f653901,https://img.shields.io/badge/Youtube%20Gaming-FF0000?style=for-the-badge&logo=Youtubegaming&logoColor=white,youtubegaming
25d21bc4-4a7c-42d4-ada5-6994d36323fa,https://img.shields.io/badge/-cypress-%23E5E5E5?style=for-the-badge&logo=cypress&logoColor=058a5e,cypress
20700e76-518c-4620-9abf-f6721d48634e,https://img.shields.io/badge/-jest-%23C21325?style=for-the-badge&logo=jest&logoColor=white,jest
f26a3cb0-03c7-4636-b03f-91a4fef3c570,https://img.shields.io/badge/-mocha-%238D6748?style=for-the-badge&logo=mocha&logoColor=white,mocha
b4ed207c-70f4-42ea-a359-659ea3f88c31,https://img.shields.io/badge/-selenium-%43B02A?style=for-the-badge&logo=selenium&logoColor=white,selenium
a6dfb1c7-3a1e-428c-ad35-3bdea307a92b,https://img.shields.io/badge/-TestingLibrary-%23E33332?style=for-the-badge&logo=testing-library&logoColor=white,testing-library
a2678305-e450-4ee5-9ad0-b55f23ef195f,https://img.shields.io/badge/subversion-%23809CC9.svg?style=for-the-badge&logo=subversion&logoColor=white,apachesubversion
a5946fc9-99ba-47b2-92b0-96e6182d5d24,https://img.shields.io/badge/bitbucket-%230047B3.svg?style=for-the-badge&logo=bitbucket&logoColor=white,bitbucket
37fb438b-4be4-4c87-b3ff-3e58fa1cc265,https://img.shields.io/badge/git-%23F05033.svg?style=for-the-badge&logo=git&logoColor=white,git
eae4aeaf-1c99-414c-ba70-f6ccddd786b0,https://img.shields.io/badge/Gitea-34495E?style=for-the-badge&logo=gitea&logoColor=5D9425,gitea
8a3941db-e32a-41e0-bd07-6dd89a153b85,https://img.shields.io/badge/Gitee-C71D23?style=for-the-badge&logo=gitee&logoColor=white,gitee
1f73c80a-a4cf-4078-bc6b-fab37a0a3435,https://img.shields.io/badge/github-%23121011.svg?style=for-the-badge&logo=github&logoColor=white,github
1b1a482d-3729-4b1d-a76f-f213f24360bf,https://img.shields.io/badge/gitlab-%23181717.svg?style=for-the-badge&logo=gitlab&logoColor=white,gitlab
36cded04-f4e5-4658-a776-698c58e332e4,https://img.shields.io/badge/gitpod-f06611.svg?style=for-the-badge&logo=gitpod&logoColor=white,gitpod
d1e81867-271c-4360-9dcd-46a719c693a0,https://img.shields.io/badge/mercurial-999999.svg?style=for-the-badge&logo=mercurial&logoColor=white,mercurial
7c08da19-e531-4a5c-8d46-9125d78cb418,https://img.shields.io/badge/-PERFORCE%20HELIX-00AEEF?style=for-the-badge&logo=Perforce&logoColor=white,perforcehelix
1d6b12af-3dcd-4652-ba4e-50bf324877d0,https://img.shields.io/badge/fitbit-00B0B9?style=for-the-badge&logo=fitbit&logoColor=white,fitbit
e0b541f4-3fb6-4f37-9646-ccb56e455af6,https://img.shields.io/badge/AngelList-%23D4D4D4.svg?style=for-the-badge&logo=AngelList&logoColor=black,angellist
5fd27d77-64d2-4a77-86df-c6864e5d1cca,https://img.shields.io/badge/Behance-1769ff?style=for-the-badge&logo=behance&logoColor=white,behance
cfc19475-9a42-4db8-8cfc-8a275fa3f919,https://img.shields.io/badge/Freelancer-29B2FE?style=for-the-badge&logo=Freelancer&logoColor=white,freelancer
830482c2-f605-4de8-8f39-eab2b0a5b872,https://img.shields.io/badge/HackerEarth-%232C3454.svg?style=for-the-badge&logo=HackerEarth&logoColor=Blue,hackerearth
60998056-af5f-4219-95c5-a3141dd40e42,https://img.shields.io/badge/-Hackerrank-2EC866?style=for-the-badge&logo=HackerRank&logoColor=white,hackerrank
74e0624b-3104-48f0-8c0a-ec44775fab5a,https://img.shields.io/badge/indeed-003A9B?style=for-the-badge&logo=indeed&logoColor=white,indeed
fb7fd5e3-d468-487c-a362-f2e883eac143,https://img.shields.io/badge/UpWork-6FDA44?style=for-the-badge&logo=Upwork&logoColor=white,upwork